time,max_amplitude,energy,theoretical_decay
0.0001,1.6146324219728816,1.038400144235453,1.111080091544764
0.0002,2.521641774392481,2.786410637579091,0.9507330617579037
0.00030000000000000003,4.19209168581382,7.628357362873244,0.813526730969368
0.0004,6.933413774312576,20.899681008423947,0.6961215178296123
0.0005,11.478178860327363,57.26116223721012,0.5956597971992753
0.0006000000000000001,18.99857148668323,156.8848824424503,0.5096963459852822
0.0007,31.447333370660107,429.8352720719742,0.4361388267804094
0.0008,52.0527695348285,1177.6683546061515,0.37319686068709723
0.0009000000000000001,86.15974545319152,3226.5913097927837,0.3193384497657404
0.001,142.61488878899368,8840.25747973152,0.2732526884364331
0.0011,236.06160095109877,24220.654184102277,0.2338178562353278
0.0012000000000000001,390.73815798765025,66360.06818254606,0.20007411530811903
0.0013000000000000002,646.7646908850306,181814.1911328958,0.17120014810177012
0.0014,1070.54956544869,498136.92183618486,0.14649316661943348
0.0015,1772.014440970037,1.364802116657466e6,0.1253518066668495
0.0016,2933.105836767485,3.7393028622867446e6,0.10726149073876837
0.0017000000000000001,4854.988566020373,1.024499136193144e7,0.09178190328026212
0.0018000000000000002,8036.162105265199,2.806936262495523e7,0.07853627347268133
0.0019,13301.761786704052,7.690481039335668e7,0.06720220468888685
0.002,22017.583059243792,2.107048150919238e8,0.05750382740808261
0.0021000000000000003,36444.34260261908,5.772918348781193e8,0.04920508459338351
0.0022,60324.064824208726,1.5816717926998181e9,0.042103986099223015
0.0023,99850.69113787713,4.3334852646074505e9,0.03602769226174527
0.0024000000000000002,165276.66943174973,1.1872940154357632e10,0.030828307007515682
0.0025,273572.2421882713,3.2529638224533913e10,0.026379278085451312
0.0026000000000000003,452827.2015252378,8.91251323818551e10,0.022572316804160702
0.0027,749536.8419062283,2.441862146532853e11,0.019314762301565792
0.0028,1.2406619467326e6,6.690246155391217e11,0.01652732619352668
0.0029000000000000002,2.0535909378010116e6,1.833002476544111e12,0.014142162706557826
0.003,3.399181985842749e6,5.022084391183679e12,0.012101217321957984
0.0031000000000000003,5.626455571240166e6,1.375957313473933e13,0.010354813737601174
0.0032,9.313123694864329e6,3.769866017835887e13,0.008860444754252657
0.0033,1.541543727827116e7,1.0328728699110933e14,0.007581737656765496
0.0034000000000000002,2.5516219291193288e7,2.8298787287158425e14,0.006487568907692416
0.0035,4.223541863774432e7,7.753339111258475e14,0.005551306605089405
0.0036000000000000003,6.990967459517646e7,2.1242700884733562e15,0.004750162266048384
0.0037,1.1571715777405798e8,5.820103240715329e15,0.004064636158468232
0.0038,1.9153944974378768e8,1.5945995717028846e16,0.0034780426805232686
0.0039000000000000003,3.170433971539523e8,4.36890496423774e16,0.002976104235637209
0.004,5.247823141274581e8,1.1969983515148893e17,0.0025466037179409187
0.0041,8.686396868958163e8,3.279551890593863e17,0.0021790871497624036
0.004200000000000001,1.4378055155108902e9,8.98535957838837e17,0.001864609233390664
0.0043,2.3799104873662624e9,2.461820683018534e18,0.0015955156238816862
0.0044,3.939318542897385e9,6.744928817217808e18,0.0013652566234596175
0.0045000000000000005,6.520510189905889e9,1.847984504442378e19,0.0011682277628630563
0.0046,1.0792996981163166e10,5.063132349064262e19,0.0009996333894104635
0.0047,1.786497995679899e10,1.387203687179954e20,0.0008553699415388643
0.0048000000000000004,2.9570795716997055e10,3.800678981029222e20,0.0007319260687357564
0.0049,4.894670811866839e10,1.0413150462572174e21,0.0006262971657984536
0.005,8.101845682691321e10,2.853008714953672e21,0.0005359122411976649
0.0051,1.3410483769948105e11,7.816710953001636e21,0.0004585713395323384
0.005200000000000001,2.2197543872878754e11,2.1416327893599648e22,0.00039239199494777214
0.0053,3.67422206833598e11,5.867673797892567e22,0.0003357634122012864
0.0054,6.081712413639836e11,1.6076330157771836e23,0.0002873072601495251
0.0055000000000000005,1.006668220108244e12,4.404614166429414e23,0.00024584412337679603
0.0056,1.666275609490002e12,1.2067820058876948e24,0.00021036479540214367
0.0057,2.7580829045080054e12,3.3063572760441315e24,0.00018000571474616962
0.0058000000000000005,4.565283960168113e12,9.058801327425291e24,0.00015402794597517175
0.0059,7.556632042924619e12,2.4819423504029093e25,0.0001317991941243925
0.006,1.25080254332248e13,6.800058427242375e25,0.00011277841473416361
0.0061,2.0703760552880074e13,1.8630889878009037e26,9.650264490954935e-5
0.006200000000000001,3.426965381873721e13,5.1045158120351166e26,8.257573487347044e-5
0.0063,5.672443764607098e13,1.3985419830139185e27,7.065870574101683e-5
0.0064,9.38924521550779e13,3.831743793684111e27,6.0461498824633674e-5
0.006500000000000001,1.5541436732339303e14,1.049826224651589e28,5.173591564951554e-5
0.0066,2.5724778797049006e14,2.876327753915589e28,4.426957684024969e-5
0.0067,4.25806350634996e14,7.880600763890717e28,3.7880752838924965e-5
0.0068000000000000005,7.048109148493404e14,2.1591374041187284e29,3.24139406351649e-5
0.006900000000000001,1.1666299168036168e15,5.915633172568769e29,2.7736078846362487e-5
0.007,1.9310503563253408e15,1.6207729885844926e30,2.373330902374328e-5
0.0071,3.196348252694916e15,4.440615237443777e30,2.0308204354934056e-5
0.007200000000000001,5.290717652453355e15,1.2166456268657272e31,1.7377398310078337e-5
0.0073,8.757397893366225e15,3.3333817550553064e31,1.486955551310208e-5
0.0074,1.4495579515321332e16,9.132843351896906e31,1.272363544944418e-5
0.007500000000000001,2.3993637131826212e16,2.5022284820452964e32,1.0887406749159732e-5
0.0076,3.971518543903736e16,6.855638638605798e32,9.316175883271394e-6
0.0077,6.5738093973855624e16,1.87831692750637e33,7.971699330030614e-6
0.0078000000000000005,1.0881220895903184e17,5.146237522336153e33,6.821252733379643e-6
0.0079,1.801101353245444e17,1.4099729522998404e34,5.836834397072106e-6
0.008,2.981251988098354e17,3.863062514291034e34,4.994483727619417e-6
0.0081,4.9346826516960986e17,1.0584069690822943e35,4.273698037067503e-6
0.0082,8.168076217451313e17,2.8998373908213536e35,3.656933510671429e-6
0.0083,1.352011379011972e18,7.945012777550792e35,3.1291781930966723e-6
0.008400000000000001,2.2379012878356877e18,2.176785092684662e36,2.6775865996956315e-6
0.0085,3.7042605125963464e18,5.963984542761403e36,2.2911670593532566e-6
0.0086,6.131435118862604e18,1.6340203608463481e37,1.96051417887368e-6
0.008700000000000001,1.0148988822311975e19,4.476910562928522e37,1.6775799171317068e-6
0.0088,1.6799000271166034e19,1.2265898680796227e38,1.435477696968474e-6
0.0089,2.7806359282450452e19,3.3606271184778796e38,1.2283147869444462e-6
0.009000000000000001,4.602617214666326e19,9.207490558481304e38,1.0510488731470086e-6
0.0091,7.618432523509539e19,2.5226804223151665e39,8.993653300320984e-7
0.0092,1.261032965935845e20,6.911673134757592e39,7.69572203090704e-7
0.009300000000000001,2.0873117079493313e20,1.8936693328037293e40,6.585103472342452e-7
0.0094,3.455001508399551e20,5.188300245276084e40,5.634765336806966e-7
0.0095,5.718857127272597e20,1.4214973527384325e41,4.821576537746796e-7
0.009600000000000001,9.466083639088617e20,3.894637219024855e41,4.1257441827247386e-7
0.0097,1.56686480985884e21,1.067057848465541e42,3.5303318174104126e-7
0.0098,2.5935392868592155e21,2.9235391847067606e42,3.02084719484214e-7
0.0099,4.2929345619889346e21,8.009951266579244e42,2.5848895363267553e-7
0.01,7.105847137977851e21,2.1945770260847996e43,2.211847698360906e-7
0.010100000000000001,1.1761904055485746e22,6.012731118404434e43,1.8926418990022092e-7
0.0102,1.946881923707528e22,1.6473760125891456e44,1.6195027173494894e-7
0.0103,3.2225661090399936e22,4.513502556065975e44,1.3857819870124957e-7
0.010400000000000001,5.3341391305743865e22,1.2366153914651738e45,1.1857909807470053e-7
0.0105,8.829318218808347e22,3.388095182741424e45,1.0146619476937034e-7
0.0106,1.4614715956921057e23,9.282747934397245e45,8.682296330581024e-8
0.010700000000000001,2.4191011551066605e23,2.5432995415059764e46,7.429298964385342e-8
0.0108,4.004222390603875e23,6.968165684417407e46,6.35712961187581e-8
0.0109,6.628006783712872e23,1.909147241560242e47,5.4396918330950464e-8
0.011000000000000001,1.0971054889504974e24,5.230706844019694e47,4.654655331198994e-8
0.0111,1.8159949301891593e24,1.4331159760283555e48,3.982912436407633e-8
0.0112,3.005950362162931e24,3.926470103753097e48,3.408113028210895e-8
0.011300000000000001,4.975652671111472e24,1.0757794743108486e49,2.9162665759072262e-8
0.0114,8.236061120815525e24,2.947434847495288e49,2.495401611201323e-8
0.0115,1.3632971276780549e25,8.075421056182427e49,2.1352743444755153e-8
0.011600000000000001,2.2566445996519957e25,2.2125145761581047e50,1.8271193324991008e-8
0.0117,3.7354056839363136e25,6.061876842099795e50,1.5634361288651916e-8
0.0118,6.183219442452097e25,1.6608410919927285e51,1.337806724259035e-8
0.0119,1.0235149429135729e26,4.550394613775886e51,1.1447393330815138e-8
0.012,1.6942472289331524e26,1.2467232204773637e52,9.795347242178906e-9
0.012100000000000001,2.8045484254928355e26,3.4157890945709713e52,8.381718424628406e-9
0.0122,4.642514181372891e26,9.35862536679019e52,7.172099366446574e-9
0.0123,7.685079016516288e26,2.5640890160612704e53,6.137048122618605e-9
0.012400000000000001,1.27218130925196e27,7.025126717547244e53,5.251371702341129e-9
0.0125,2.1059892825513608e27,1.9247541493680056e54,4.493512875434734e-9
0.0126,3.486348653044121e27,5.2734692525107097e54,3.845025472620046e-9
0.012700000000000001,5.771573080262694e27,1.4448329623847065e55,3.2901254085461198e-9
0.0128,9.554934332752024e27,3.958575727609954e55,2.8153064995391508e-9
0.0129,1.581877929998137e28,1.0845770234176456e56,2.4090117251335416e-9
0.013000000000000001,2.6189781088546404e28,2.9715429505733854e56,2.0613519319409287e-9
0.0131,4.336173009109562e28,8.14148923720296e56,1.763865133151666e-9
0.0132,7.179591071854518e28,2.2306221119370913e57,1.5093105450550992e-9
0.013300000000000001,1.1888146189202846e29,6.111510597566648e57,1.2914923474586517e-9
0.0134,1.9685810689438253e29,1.6744481214698103e58,1.1051088783609963e-9
0.0135,3.2600268247400236e29,4.587706020658337e58,9.45623592300379e-10
0.013600000000000001,5.399112014876978e29,1.2569571849161204e59,8.091546415239018e-10
0.0137,8.942565278340341e29,3.4438701196787954e59,6.923803924000425e-10
0.013800000000000002,1.4813124811880877e30,9.435716811057372e59,5.924585773581998e-10
0.013900000000000001,2.4540486333132483e30,2.5852677699828185e60,5.069571145257085e-10
0.014,4.066116612654064e30,7.083363612489544e60,4.337949112227083e-10
0.014100000000000001,6.73823622789961e30,1.9407879370447378e61,3.7119121048092896e-10
0.0142,1.1168463295757175e31,5.317686838714957e61,3.1762224768828763e-10
0.0143,1.8515445237348017e31,1.4570541416912658e62,2.7178416238857345e-10
0.014400000000000001,3.070316745369395e31,3.99245246219353e62,2.3256126251505744e-10
0.0145,5.092810019763498e31,1.09400378270533e63,1.9899886861424908e-10
0.0146,8.450387332902542e31,2.9979067479794835e63,1.7028007709231966e-10
0.014700000000000001,1.4026945819992886e32,8.215701949092042e63,1.4570587690512148e-10
0.0148,2.329393482444687e32,2.2516867165111524e64,1.2467813573504695e-10
0.0149,3.870307695574573e32,6.171926565655966e64,1.0668504154083579e-10
0.015000000000000001,6.434354583623556e32,1.6919993987973262e65,9.128864512986514e-11
0.0151,1.0704693198373706e33,4.639481387152753e65,7.811420054100645e-11
0.0152,1.7833945174349964e33,1.2725050477241968e66,6.684104378458296e-11
0.015300000000000001,2.974069946540571e33,3.491500910919911e66,5.7194787929336425e-11
0.0154,4.9653219180083594e33,9.584806236495053e66,4.894064456600091e-11
0.0155,8.300527315961024e33,2.6329825096714214e67,4.187770909291356e-11
0.015600000000000001,1.3896445124393603e34,7.23945946968636e67,3.5834070728382164e-11
0.015700000000000002,2.3303858240171593e34,1.9929254818361084e68,3.06626282282473e-11
0.0158,3.918888505279508e34,5.495146934925056e68,2.623750946383635e-11
0.0159,6.608035277924002e34,1.5184607219251092e69,2.2451007713380607e-11
0.016,1.1171086050291646e35,4.207925135519738e69,1.9210960096689587e-11
0.0161,1.8939036505535274e35,1.1704858019807907e70,1.6438504344579703e-11
0.0162,3.225486875454549e35,3.271899676225196e70,1.4066159303164165e-11
0.016300000000000002,5.516041728853602e35,9.204452979354204e70,1.2036182452768588e-11
0.0164,9.470728568060208e35,2.610524606792981e71,1.0299164463731597e-11
0.0165,1.6348464091931713e36,7.479915389128108e71,8.812826580789518e-12
0.0166,2.838557036711417e36,2.1703579386380425e72,7.54099156456526e-12
0.0167,4.953142050713242e36,6.393345475525423e72,6.45270314303063e-12
0.016800000000000002,8.695829311570035e36,1.9167654259619124e73,5.521472540524914e-12
0.016900000000000002,1.5371900519200714e37,5.86147935696394e73,4.7246337449598265e-12
0.017,2.7324282265246277e37,1.8312294454821191e74,4.042791820511527e-12
0.0171,4.884172755965402e37,5.849448148484119e74,3.459350837814811e-12
0.0172,8.797270008768624e37,1.910057362206351e75,2.960109931551177e-12
0.0173,1.5932863755260116e38,6.36878413340099e75,2.5329176535337628e-12
0.017400000000000002,2.9008246693542957e38,2.1644059748074772e76,2.1673762082953887e-12
0.0175,5.3081011156322616e38,7.479595935126028e76,1.854588372318877e-12
0.0176,9.767464059763467e38,2.621656227545756e77,1.5869409369615156e-12
0.0177,1.806788434822905e39,9.297211648844616e77,1.357919404107686e-12
0.0178,3.355916025804607e39,3.3282959324342702e78,1.1619494242695248e-12
0.0179,6.256838967357695e39,1.200400224898545e79,9.942611177630777e-13
0.018000000000000002,1.1705774257050726e40,4.354609140508747e79,8.507729765578647e-13
0.0181,2.1968986986421754e40,1.5867585727380401e80,7.279925209884447e-13
0.0182,4.134783040287725e40,5.801642261675563e80,6.229312933273043e-13
0.0183,7.801942654919095e40,2.126722152152895e81,5.330321191755587e-13
0.0184,1.4755106299459336e41,7.811135385352738e81,4.561068662246532e-13
0.018500000000000003,2.7971841744454806e41,2.8730993163118974e82,3.9028318544675794e-13
0.018600000000000002,5.313181978458234e41,1.0579393483976932e83,3.33958938402484e-13
0.0187,1.0107620643040625e42,3.8987420722681723e83,2.8576320143345954e-13
0.0188,1.925413212108894e42,1.4376453952592403e84,2.4452289758773697e-13
0.0189,3.67204648818973e42,5.303654460489569e84,2.092342441041187e-13
0.019,7.010319462062488e42,1.9572421270239686e85,1.790383204914936e-13
0.019100000000000002,1.339541768810455e43,7.224741446021286e85,1.5320016253392858e-13
0.019200000000000002,2.561612908473152e43,2.667353643018824e86,1.3109087337276115e-13
0.0193,4.901911782136509e43,9.849148536167226e86,1.1217231625212832e-13
0.0194,9.385848814180016e43,3.6371495947481004e87,9.598401635168284e-14
0.0195,1.798058563707679e44,1.3432491781421645e88,8.213195289907653e-14
0.0196,3.4460910315583357e44,4.961082488142495e88,7.027896876392646e-14
0.019700000000000002,6.607185508119135e44,1.8323753872233415e89,6.013656410423002e-14
0.0198,1.2672159997555005e45,6.768086594025263e89,5.1457874323825584e-14
0.0199,2.431138349245979e45,2.499927105766145e90,4.4031661425438404e-14
0.02,4.665268474751864e45,9.234134348390994e90,3.767717250976235e-14
0.0201,8.954407660137002e45,3.410912077368629e91,3.223974027721468e-14
0.020200000000000003,1.7190068725426653e46,1.2599373047365719e92,2.758701844924635e-14
0.020300000000000002,3.300561883689512e46,4.6540427366747395e92,2.3605760479929444e-14
0.0204,6.338086128049006e46,1.7191510646746907e93,2.019906315214799e-14
0.0205,1.2172510202426274e47,6.350375071151215e93,1.728400796794335e-14
0.0206,2.3380123264001924e47,2.3457727992638172e94,1.478964292480873e-14
0.0207,4.491091870232562e47,8.665097026941308e94,1.2655255554673921e-14
0.020800000000000003,8.627605327073868e47,3.2008225093311536e95,1.0828895191611015e-14
0.020900000000000002,1.657514019859441e48,1.1823614409626876e96,9.266108500478914e-15
0.021,3.184555417245624e48,4.367564194486253e96,7.928857489465963e-15
0.0211,6.118735271479824e48,1.6133500713917687e97,6.784593671120051e-15
0.0212,1.1756900185475654e49,5.959614026317278e97,5.805465837083958e-15
0.0213,2.259122492707285e49,2.201444833748685e98,4.967642163894713e-15
0.021400000000000002,4.3411053489681904e49,8.132004178617376e98,4.250730150002829e-15
0.021500000000000002,8.34204610702039e49,3.0039137798964626e99,3.6372802653678196e-15
0.0216,1.6030790514865662e50,1.1096279699228385e100,3.112361232534438e-15
0.0217,3.0806757244578383e50,4.098900476243342e100,2.6631966015969844e-15
0.0218,5.920311030627384e50,1.5141098541111983e101,2.278853773339836e-15
0.0219,1.1377569898883954e51,5.593033540196676e101,1.949977901425335e-15
0.022000000000000002,2.1865532505593517e51,2.0660340761520047e102,1.6685641968481477e-15
0.0221,4.2021871609688806e51,7.631810019080783e102,1.4277630925809278e-15
0.0222,8.075972802772754e51,2.8191464132705288e103,1.2217135261483673e-15
0.0223,1.5520934111393005e52,1.0413763733640792e104,1.0454002822525441e-15
0.0224,2.982935904882597e52,3.846784119147352e104,8.94531923190795e-16
0.022500000000000003,5.732876981746331e52,1.420979828394097e105,7.65436335910717e-16
0.022600000000000002,1.1018020921407829e53,5.249017425251637e105,6.549713533336457e-16
0.0227,2.117563863708284e53,1.9389567344569605e106,5.604482744829467e-16
0.0228,4.06978179483684e53,7.162394270058335e106,4.79566421908692e-16
0.0229,7.821808555604998e53,2.6457471133333317e107,4.1035714354635807e-16
0.023,1.5032959518442838e54,9.773237187241569e107,3.5113589602315114e-16
0.023100000000000002,2.8892350130610854e54,3.6101774349978424e108,3.004612431269944e-16
0.023200000000000002,5.5529297154001675e54,1.3335787189150389e109,2.5709977146702004e-16
0.0233,1.0672404604065512e55,4.92616286359113e109,2.1999606937809008e-16
0.0234,2.0511766946957455e55,1.8196961477000243e110,1.8824703836042947e-16
0.0235,3.9422526791799396e55,6.72185261280964e110,1.6107991179865147e-16
0.0236,7.57680918489276e55,2.483013585640174e111,1.3783344593917212e-16
0.023700000000000002,1.4562256684953147e56,9.172108975406233e111,1.179418253172001e-16
0.0238,2.7987969489770753e56,3.388124155264751e112,1.0092089089386725e-16
0.0239,5.3791595641940635e56,1.2515535220929842e113,8.635635569841052e-17
0.024,1.0338505015242885e57,4.623166528302504e113,7.389372114593093e-17
0.0241,1.987015705527153e57,1.707771051965502e114,6.322964859543212e-17
0.024200000000000003,3.818959606243502e57,6.308407772579257e114,5.410457613314996e-17
0.024300000000000002,7.339880830754737e57,2.3302894484085053e115,4.629640087481585e-17
0.0244,1.4106949351293234e58,8.607954826808456e115,3.961507301502352e-17
0.0245,2.711298527147962e58,3.1797288681377705e116,3.389797004370047e-17
0.0246,5.211007324385837e58,1.1745735053772989e117,2.9005938538794134e-17
0.0247,1.0015349922640998e59,4.3388067875141547e117,2.4819907193016434e-17
0.024800000000000003,1.9249110090186423e59,1.6027302040602242e118,2.1237988636224942e-17
0.024900000000000002,3.6996041522537636e59,5.920392939407715e118,1.8172999512235568e-17
0.025,7.110496434585564e59,2.1869590070985007e119,1.5550338449113138e-17
0.0251,1.3666101500170214e60,8.078500443634737e119,1.3306170273055699e-17
0.0252,2.626572588876621e60,2.984151472713898e120,1.1385872269915138e-17
0.0253,5.048172811431091e60,1.1023283435156857e121,9.742704676591425e-18
0.025400000000000002,9.702397288894857e60,4.0719373263420947e121,8.336673042265203e-18
0.025500000000000002,1.864764205387097e61,1.5041501642603605e122,7.133554769510584e-18
0.0256,3.584006760121671e61,5.556243957906529e122,6.104066141447223e-18
0.0257,6.888326724363378e61,2.0524444735191522e123,5.2231495604987074e-18
0.0258,1.323910648557307e62,7.581611514532684e123,4.4693636502551844e-18
0.025900000000000003,2.544506876181661e62,2.8006035680349717e124,3.824361375613206e-18
0.026000000000000002,4.890447448680171e62,1.0345268061095097e125,3.2724434787147293e-18
0.0261,9.399258120329437e62,3.821482357498903e125,2.800176361384101e-18
0.0262,1.8065024984101495e63,1.4116335432231722e126,2.3960651133794227e-18
0.0263,3.472030773896041e63,5.214492895520155e126,2.050273728014802e-18
0.0264,6.673114441411004e63,1.9262036020587126e127,1.754385695244706e-18
0.026500000000000003,1.2825478785811634e64,7.115285016059802e127,1.5011991450816702e-18
0.026600000000000002,2.4650095500783783e64,2.6283452489469383e128,1.2845515551696284e-18
0.0267,4.737657168898713e64,9.708955765048343e128,1.099169755921326e-18
0.0268,9.105601911464974e64,3.586432265145212e129,9.405415823677051e-19
0.0269,1.75006303573639e65,1.3248073947127253e130,8.048060487447312e-19
0.027,3.3635565020228384e65,4.893762110447952e130,6.886593726835126e-19
0.027100000000000003,6.464631377497312e65,1.8077274998039635e131,5.892745616469297e-19
0.027200000000000002,1.2424782829760209e66,6.6776411272014686e131,5.042326043586238e-19
0.0273,2.387997398023551e66,2.4666821204265876e132,4.3146359243421e-19
0.0274,4.589642872644121e66,9.111781491890398e132,3.691963391241412e-19
0.0275,8.821124256117425e66,3.3658395327248983e133,3.1591526889595197e-19
0.027600000000000003,1.6953875395738573e67,1.2433217115812024e134,2.703235285549334e-19
0.027700000000000002,3.2584723140243045e67,4.592758696484047e134,2.3131142203341044e-19
0.027800000000000002,6.262663607520237e67,1.696538574662348e135,1.9792940055621525e-19
0.0279,1.203660849495202e68,6.266915650328686e135,1.6936495076703934e-19
0.028,2.313391767112653e68,2.3149624980473352e136,1.4492281827618123e-19
0.0281,4.44625367514149e68,8.551337956949031e136,1.2400808527379465e-19
0.028200000000000003,8.545535628162434e68,3.1588149231632137e137,1.0611169032033622e-19
0.028300000000000002,1.6424204416593592e69,1.1668480147823156e138,9.079803786808805e-20
0.0284,3.1566715382069483e69,4.3102692709776644e138,7.769439593136594e-20
0.0285,6.067006324997151e69,1.592188610082121e139,6.64818238463439e-20
0.0286,1.166056250284252e70,5.881452899343755e139,5.688740930350607e-20
0.0287,2.241117128897957e70,2.1725747809130537e140,4.867762570329396e-20
0.028800000000000003,4.307344509934433e70,8.025365941781327e140,4.165264815397264e-20
0.028900000000000002,8.278557374772673e70,2.9645238941989545e141,3.5641489763976695e-20
0.029,1.5911082123713652e71,1.0950780292177807e142,3.049783984681674e-20
0.0291,3.058051336322419e71,4.045155083491643e142,2.609650274108796e-20
0.0292,5.877461951005162e71,1.4942569582175512e143,2.2330350566999237e-20
0.029300000000000003,1.1296265233772539e72,5.5196990253707565e143,1.9107715749972226e-20
0.029400000000000003,2.1711005417210316e72,2.0389449862103323e144,1.6350159845734994e-20
0.029500000000000002,4.172775218649213e72,7.531745186981753e144,1.3990564360445622e-20
0.0296,8.019920171086332e72,2.782183234234788e145,1.1971497096698312e-20
0.0297,1.5413990974491497e73,1.027722441040168e146,1.0243814262521448e-20
0.0298,2.962512253488368e73,3.7963474253635335e146,8.765464318909448e-21
0.029900000000000003,5.69383936154177e73,1.4023488442542323e147,7.500464451720998e-21
0.030000000000000002,1.0943349395292448e74,5.18019575300662e147,6.418024755422192e-21
0.030100000000000002,2.1032714200666325e74,1.9135344354167052e148,5.491798811440327e-21
0.0302,4.0424101497184726e74,7.068485845150905e148,4.699242420319026e-21
0.0303,7.769363318251198e74,2.611057905118328e149,4.021064879311194e-21
0.0304,1.4932429946031595e75,9.645097313958181e149,3.4407594495906786e-21
0.030500000000000003,2.869958000005237e75,3.5628433216041824e150,2.9442015847243346e-21
0.030600000000000002,5.515953499765228e75,1.316093775013514e151,2.5193051413473886e-21
0.0307,1.0601459328799965e76,4.861574501820984e151,2.1557282042607143e-21
0.0308,2.0375614099704e76,1.7958375828124883e152,1.8446213657785562e-21
0.0309,3.9161179331291074e76,6.633720459564468e152,1.5784123324830934e-21
0.031,7.526634334274812e76,2.4504580791047406e153,1.3506216167474391e-21
0.031100000000000003,1.4465913787600747e77,9.05185081893591e153,1.1557048269863316e-21
0.031200000000000002,2.7802953142078947e77,3.343701487773349e154,9.889177180030793e-22
0.0313,5.343625123022914e77,1.2351440454527597e155,8.462007167786891e-22
0.031400000000000004,1.0270250541300495e78,4.562550869436111e155,7.240801130782577e-22
0.0315,1.97390430192135e78,1.685379977568819e156,6.195835098690263e-22
0.0316,3.7937713179528856e78,6.225696436216815e156,5.301674756259043e-22
0.0317,7.291488649673529e78,2.299736358077471e157,4.5365563759268335e-22
0.0318,1.40139724492815e79,8.495093474035699e157,3.8818570919812744e-22
0.031900000000000005,2.6934338548100815e79,3.1380385355541743e158,3.321641622823812e-22
0.032,5.176680599688449e79,1.1591733370230644e159,2.842274408624445e-22
0.032100000000000004,9.949389320772144e79,4.281919453956717e159,2.4320877238567424e-22
0.0322,1.9122359579741994e80,1.581716351176249e160,2.081097686622516e-22
0.0323,3.6752470338463255e80,5.842768978914572e160,1.780761252475556e-22
0.0324,7.063689344150662e80,2.1582851638083953e161,1.5237682780114166e-22
0.0325,1.3576150580140099e81,7.972580920319985e161,1.3038635930819325e-22
0.032600000000000004,2.6092861052527356e81,2.9450254116986296e162,1.1156947508995052e-22
0.0327,5.014951726468827e81,1.0878754022357507e163,9.546817502914327e-23
0.0328,9.638552387276888e81,4.018548994818396e163,8.169055591636418e-23
0.0329,1.8524942449983677e82,1.4844288225072623e164,6.990127258520986e-23
0.033,3.560425663390334e82,5.483394458874614e164,5.981337566161649e-23
0.033100000000000004,6.843006902045077e82,2.0255342887258315e165,5.1181327259478374e-23
0.0332,1.3152007060003305e83,7.482206843909861e165,4.379502462561877e-23
0.0333,2.5277672839198023e83,2.763884056006198e166,3.747468627053461e-23
0.0334,4.858275556357603e83,1.0209628301393477e167,3.20664761141274e-23
0.0335,9.337426562813867e83,3.7713778125421474e167,2.743875913876228e-23
0.033600000000000005,1.7946189713750185e84,1.3931252132844735e168,2.3478897412844197e-23
0.0337,3.449191520544806e84,5.146124192156909e168,2.009050850058725e-23
0.033800000000000004,6.629218979167883e84,1.9009485973389977e169,1.719111952809819e-23
0.0339,1.2741114551616115e85,7.021994485157925e169,1.4710159806095835e-23
0.034,2.448795258201263e85,2.593884264866398e170,1.2587243149999282e-23
0.0341,4.7064942335219295e85,9.58165887732243e170,1.0770698089326727e-23
0.0342,9.045708454400514e85,3.5394095289793034e171,9.216310191912877e-24
0.034300000000000004,1.7385518260945151e86,1.3074374671671576e172,7.886245891315981e-24
0.0344,3.341432533733609e86,4.829598599871109e172,6.74813162352886e-24
0.0345,6.42211017808024e86,1.7840258690472917e173,5.774265859325254e-24
0.0346,1.2343059069150354e87,6.59008867013248e173,4.9409448532264675e-24
0.0347,2.3722904615428835e87,2.4343407477268613e174,4.227885697919241e-24
0.034800000000000005,4.5594548340130825e87,8.992314326364514e174,3.617732641358606e-24
0.0349,8.763104147820254e87,3.3217090507819004e175,3.095634650386333e-24
0.035,1.6842363199383138e88,1.2270201660653256e176,2.6488839388290606e-24
0.0351,3.237040132749952e88,4.532541727507795e176,2.2666066619040285e-24
0.0352,6.2214718308827135e88,1.6742947736122085e177,1.939498248480724e-24
0.035300000000000005,1.1957439560548445e89,6.18474833211584e177,1.6595969292262987e-24
0.0354,2.298175813230993e89,2.284610364582634e178,1.420089948343541e-24
0.035500000000000004,4.417009211520423e89,8.43921892643024e178,1.2151477421246544e-24
0.0356,8.489328911373981e89,3.117398799914074e179,1.0397820482519522e-24
0.0357,1.6316177285170804e90,1.1515491377134437e180,8.897244922470582e-25
0.0358,3.135909139352234e90,4.253756101416953e180,7.613226958814298e-25
0.0359,6.027101788847758e90,1.5713129711744284e181,6.514513788423592e-25
0.036000000000000004,1.158386750346839e91,5.804339493181256e181,5.574362898826627e-25
0.0361,2.2263766406942427e91,2.14408953341209e182,4.769891159495774e-25
0.0362,4.2790138481385744e91,7.920143080344213e182,4.0815178499097936e-25
0.0363,8.224106908898073e91,2.92565517603489e183,3.4924880677766634e-25
0.0364,1.5806430371444446e92,1.080720148895343e184,2.9884649172444175e-25
0.036500000000000005,3.037937661252347e92,3.992117901643491e184,2.5571805510236594e-25
0.0366,5.838804218780303e92,1.4746653291241663e185,2.1881375728390033e-25
0.0367,1.1221966513679263e93,5.447328677407206e185,1.872353532390616e-25
0.0368,2.1568206042799835e93,2.0122117970541006e186,1.6021422938719319e-25
0.0369,4.145329709702667e93,7.432994328020405e186,1.370926956585938e-25
0.037000000000000005,7.967170921889039e93,2.745705236460128e187,1.173079774176548e-25
0.0371,1.5312608874029227e94,1.0142476790417199e188,1.0037851761330123e-25
0.037200000000000004,2.9430269894782716e94,3.746572431671257e188,8.589225575316538e-26
0.0373,5.656389405652969e94,1.3839622486511714e189,7.349659841349988e-26
0.0374,1.0871371965930479e95,5.112276729259585e189,6.288983716854082e-26
0.0375,2.0894376243521544e95,1.888445539753487e190,5.381380505303938e-26
0.0376,4.015822105748544e95,6.975808911525038e190,4.6047592817351514e-26
0.037700000000000004,7.718262080213759e95,2.5768235803321094e191,3.940217202970011e-26
0.0378,1.4834215254114594e96,9.51863769259305e191,3.3715794152720025e-26
0.0379,2.851081498895925e96,3.516129866801857e192,2.8850053608510004e-26
0.038,5.479673561495975e96,1.2988380942198608e193,2.468651900779146e-26
0.0381,1.0531730626490788e97,4.797833012154834e193,2.1123850547795197e-26
0.038200000000000005,2.0241598106935614e97,1.772291844146121e194,1.8075333416783228e-26
0.0383,3.890360553772529e97,6.54674385888416e194,1.5466767168639337e-26
0.038400000000000004,7.477129601327289e97,2.418329424434239e195,1.3234659695227398e-26
0.0385,1.4370767516861235e98,8.933169421539311e195,1.1324681838078444e-26
0.0386,2.762008551878411e98,3.2998612640458606e196,9.690345024885756e-27
0.038700000000000005,5.3084786401962117e98,1.218949719647554e197,8.29186974468333e-27
0.0388,1.020270029731082e99,4.502729963887144e197,7.09521732056252e-27
0.038900000000000004,1.9609213940980255e99,1.6632824800641048e198,6.071261413421045e-27
0.039,3.768818647790232e99,6.144069554860449e198,5.195079091273521e-27
0.0391,7.243530537572508e99,2.2695838588711667e199,4.445344208853496e-27
0.0392,1.3921798725845246e100,8.383711880951188e199,3.803808332462409e-27
0.0393,2.6757184049631808e100,3.096894817439755e200,3.254856575851536e-27
0.039400000000000004,5.142632158133369e100,1.1439750848400613e201,2.7851275362514882e-27
0.0395,9.883949471219295e100,4.225777986921063e201,2.3831880798486738e-27
0.0396,1.899658660110654e101,1.5609780170378326e202,2.0392550610364e-27
0.0397,3.6510739309640155e101,5.766162768648817e202,1.7449572021301476e-27
0.0398,7.01722953142898e101,2.1299872715462196e203,1.4931313377338517e-27
0.039900000000000005,1.3486856532584912e102,7.868050138331297e203,1.277648064377349e-27
0.04,2.592124118440087e102,2.906412343692216e204,1.0932625517623285e-27
0.040100000000000004,4.981967020385751e102,1.073611957607164e205,9.354868843857515e-28
0.0402,9.575156997936547e102,3.96586065297503e205,8.004808263550865e-28
0.0403,1.8403098848305277e103,1.4649660528996239e206,6.849583506270566e-28
0.040400000000000005,3.5370077722320517e103,5.41150011042085e206,5.861076576063076e-28
0.0405,6.797998578367481e103,1.9989769310436113e207,5.015227363682362e-28
0.040600000000000004,1.3065502720767005e104,7.384105496271854e207,4.291448027168287e-28
0.0407,2.511141468749479e104,2.7276459839684393e208,3.6721218868858298e-28
0.0408,4.8263213523738175e104,1.0075766953247907e209,3.1421746382056465e-28
0.0409,9.276011760492186e104,3.721930202556074e209,2.688707445208476e-28
0.041,1.782815272722729e105,1.37485955133534e210,2.3006829849685167e-28
0.041100000000000005,3.4265052467806897e105,5.0786518903545253e210,1.968656800782304e-28
0.0412,6.585616797127844e105,1.8760247181865308e211,1.6845474255200385e-28
0.0413,1.2657312764760704e106,6.929927113001348e211,1.441439679937359e-28
0.0414,2.4326888636293927e106,2.5598751085726435e212,1.2334163582580594e-28
0.0415,4.675538336779384e106,9.456031015383456e212,1.0554142042799084e-28
0.041600000000000005,8.98621236177753e106,3.4930033213132506e213,9.0310067248414e-29
0.0417,1.72711689637318e107,1.290295281694353e214,7.727684745325003e-29
0.041800000000000004,3.319455020255845e107,4.766276355375024e214,6.612453444294899e-29
0.0419,6.379870207185025e107,1.7606349971284342e215,5.658168260476643e-29
0.042,1.2261875401885003e108,6.503684138285781e215,4.8416020367579477e-29
0.042100000000000005,2.3566872599068353e108,2.4024234119830646e216,4.1428796746959997e-29
0.0422,4.5294660555390563e108,8.874413528894104e216,3.5449943776259916e-29
0.042300000000000004,8.705466820864883e108,3.2781571761660354e217,3.0333937078010093e-29
0.0424,1.673158638125475e109,1.2109323547593014e218,2.595625382257743e-29
0.0425,3.2157492365866575e109,4.473114280375307e218,2.22103418613095e-29
0.0426,6.180551513152494e109,1.652342617376959e219,1.9005026263349278e-29
0.0427,1.187879221803509e110,6.103658333030517e219,1.6262290131597965e-29
0.042800000000000005,2.283060083861773e110,2.2546561865910822e220,1.3915375683235618e-29
0.0429,4.3879573367810956e110,8.328569920474853e220,1.1907159375379033e-29
0.043000000000000003,8.433492278855399e110,3.076525695260331e221,1.018876152668182e-29
0.0431,1.6208861335393413e111,1.1364508485815811e222,8.718356593281811e-30
0.0432,3.115283409326978e111,4.197983892127325e222,7.460155141384725e-30
0.043300000000000005,5.987459895923446e111,1.5507110387179593e223,6.383532737857443e-30
0.0434,1.1507677246303721e112,5.728237142861141e223,5.4622845561539575e-30
0.043500000000000004,2.2117331540747517e112,2.115977764109159e224,4.67398755479899e-30
0.0436,4.2508696065535126e112,7.816299825825368e224,3.999454703948676e-30
0.0437,8.170014713858499e112,2.887296076711165e225,3.4222679759840846e-30
0.0438,1.5702467166190684e113,1.0665505188336808e226,2.9283787332016324e-30
0.0439,3.0179563163712506e113,3.939776105401167e226,2.5057657860944076e-30
0.044000000000000004,5.8004008103485895e113,1.4553305714635299e227,2.1441427994173987e-30
0.0441,1.1148156578072299e114,5.375907197701766e227,1.8347079243424023e-30
0.0442,2.1426346066895635e114,1.98582911435976e228,1.569929562788192e-30
0.0443,4.118064745173364e114,7.335538219717623e228,1.3433630494618106e-30
0.0444,7.914768664940836e114,2.709705512113293e229,1.1494937896795192e-30
0.044500000000000005,1.5211893667515437e115,1.0009495884894617e230,9.83603034965974e-31
0.0446,2.9236698979820562e115,3.697450052111045e230,8.416530294295967e-31
0.044700000000000004,5.6191857892212045e115,1.3658167249450356e231,7.201887313945943e-31
0.0448,1.079986798632189e116,5.045248211195057e231,6.1625371820888665e-31
0.0449,2.0756948230065174e116,1.863685591753383e232,5.273182273636488e-31
0.045000000000000005,3.989408948065296e116,6.884347091593786e232,4.512175824563341e-31
0.0451,7.667496964631977e116,2.5430381115380673e233,3.860995052942368e-31
0.045200000000000004,1.473664657296184e117,9.393836119379088e233,3.3037903172330544e-31
0.0453,2.8323291579778293e117,3.470028885424923e234,2.8269993384024067e-31
0.0454,5.443632253386153e117,1.281808657577176e235,2.4190170961033693e-31
0.0455,1.0462460560643327e118,4.734927255336494e235,2.069913364234198e-31
0.0456,2.0108463593390965e118,1.7490548203743744e236,1.7711910107361424e-31
0.045700000000000005,3.8647725909499835e118,6.46090763321831e236,1.5155791786837185e-31
0.0458,7.427950479851592e118,2.3866220177163283e237,1.2968563147263132e-31
0.0459,1.427624705792691e119,8.816044089784724e237,1.109698737420084e-31
0.046,2.7438420680358094e119,3.2565958419928477e238,9.495510596265307e-32
0.0461,5.273563327794377e119,1.2029677222659542e239,8.125153110781118e-32
0.046200000000000005,1.0135594353714177e120,4.44369338729048e239,6.952560623712193e-32
0.0463,1.9480238790637178e120,1.6414747091504745e240,5.949192411187308e-32
0.046400000000000004,3.744030099245616e120,6.063512906826046e240,5.090626642595282e-32
0.0465,7.195887860874501e120,2.2398266976823244e241,4.3559659569203664e-32
0.0466,1.383023125715335e121,8.273790643705935e241,3.727328824133859e-32
0.046700000000000005,2.6581194749610603e121,3.0562905463496106e242,3.1894143114564927e-32
0.0468,5.108807663295103e121,1.1289761012758875e243,2.7291296609677176e-32
0.046900000000000004,9.818940038774415e121,4.170372606671978e243,2.3352716138570145e-32
0.047,1.8871640867931816e122,1.5405115891134372e244,1.99825372479833e-32
0.0471,3.627059821547716e122,5.69056096425606e244,1.7098730293198723e-32
0.0472,6.971075298194883e122,2.1020604010224435e245,1.4631103848889976e-32
0.0473,1.3398149797366488e123,7.764889889241687e245,1.2519596260439838e-32
0.047400000000000005,2.5750750108688252e123,2.868305542634602e246,1.0712813752347919e-32
0.0475,4.9491992639942103e123,1.0595355250699298e247,9.166779511503421e-33
0.0476,9.512178577841393e123,3.9138631230126916e247,7.843863298202315e-33
0.0477,1.8282056646010259e124,1.4457584652168066e248,6.711865531801738e-33
0.0478,3.5137439070638267e124,5.340548389277677e248,5.743233557794424e-33
0.047900000000000005,6.753286286925071e124,1.9727677744530475e249,4.914391020363765e-33
0.048,1.2979567344530996e125,7.28729038338868e249,4.205164017447255e-33
0.048100000000000004,2.494625006160199e125,2.69188303963155e250,3.598290071009441e-33
0.0482,4.794577320007754e125,9.943660699420982e250,3.078997960936897e-33
0.0483,9.215000900240567e125,3.6731309142892627e251,2.6346481957731425e-33
0.048400000000000006,1.7710892102438633e126,1.3568333756896005e252,2.2544253694076533e-33
0.0485,3.4039681868716104e126,5.012064237141945e252,1.9290749157260937e-33
0.048600000000000004,6.54230139860797e126,1.8514276231213312e253,1.6506778538698557e-33
0.0487,1.2574062165238943e127,6.839066862421441e253,1.4124580414394404e-33
0.0488,2.4166884052295104e127,2.5263118560259124e254,1.2086172442125571e-33
0.0489,4.644786045448033e127,9.332050296171395e254,1.034194007999938e-33
0.049,8.927107591239932e127,3.4472055586686047e255,8.849428976001436e-34
0.049100000000000005,1.7157571773127219e128,1.273377852302702e256,7.572311635487499e-34
0.0492,3.2976220588932844e128,4.703784346880685e256,6.4795032154548e-34
0.049300000000000004,6.337908060124599e128,1.73755080960101e257,5.544404924162237e-34
0.0494,1.2181225701785323e129,6.418412480894668e257,4.74425661056141e-34
0.0495,2.341186684791085e129,2.3709245535299467e258,4.059582785659594e-34
0.049600000000000005,4.499674521453801e129,8.75805856240214e258,3.4737185920627377e-34
0.0497,8.648208590351447e129,3.235176322598552e259,2.9724041838653494e-34
0.049800000000000004,1.6621538172512131e130,1.195055475334621e260,2.543437644156946e-34
0.0499,3.194598376460306e130,4.414466003448215e260,2.1763779922090768e-34
0.05,6.139900339523749e130,1.630678282122731e261,1.862291051582653e-34
0.050100000000000006,1.1800662160562354e131,6.023631528046306e261,1.5935319936242272e-34
0.0502,2.2680437747710956e131,2.2250947463684228e262,1.363559263492118e-34
0.050300000000000004,4.359096544148464e131,8.219371665188601e262,1.1667753597005033e-34
0.0504,8.378022899107726e131,3.0361884895353057e263,9.983905917794584e-35
0.0505,1.61022512318968e132,1.1215505174237899e264,8.543064999329303e-35
0.0506,3.094793340356751e132,4.142942928177489e264,7.310160991469692e-35
0.0507,5.948078738544958e132,1.5303792240724973e265,6.255185197045849e-35
0.050800000000000005,1.1431988113251903e133,5.653132592158732e265,5.35245966470501e-35
0.0509,2.1971859816620007e133,2.088234576230109e266,4.5800121914575004e-35
0.051000000000000004,4.2229104773272855e133,7.713818089836245e266,3.919041522577287e-35
0.0511,8.116278297945117e133,2.8494399144799524e267,3.353459731904607e-35
0.0512,1.5599187755317949e134,1.0525666708330693e268,2.8695006441550006e-35
0.051300000000000005,2.998106394246549e134,3.8881205773761985e268,2.4553847682940326e-35
0.0514,5.762249991612811e134,1.43624931732369e269,2.101032586506283e-35
0.051500000000000004,1.1074832110548124e135,5.305422145382699e269,1.797819220255341e-35
0.0516,2.1285419142759065e135,1.959792342542156e270,1.5383645020442698e-35
0.0517,4.090979109754401e135,7.239359886240739e270,1.3163533432542763e-35
0.051800000000000006,7.862711071930617e135,2.6741777904144842e271,1.1263820258424331e-35
0.0519,1.511184089238302e136,9.878258529929076e271,9.638266766614225e-36
0.052000000000000005,2.9044401233553363e136,3.6489717300724165e272,8.24730723086076e-36
0.0521,5.582226871121617e136,1.3479091123728924e273,7.057085906338934e-36
0.0522,1.072883430789004e137,4.979098523139789e273,6.03863298593883e-36
0.0523,2.062042411813699e137,1.8392502784914815e274,5.1671594795402374e-36
0.0524,3.96316951692532e137,6.79408445365908e274,4.421453853740237e-36
0.052500000000000005,7.617065745061803e137,2.509695613657168e275,3.783365746337259e-36
0.0526,1.4639719627635479e138,9.27067085516808e275,3.237364189258602e-36
0.052700000000000004,2.8137001563207715e138,3.4245323471565476e276,2.7701595871454897e-36
0.0528,5.4078279987897956e138,1.265002498733179e277,2.3703802506110912e-36
0.0529,1.0393646102912011e139,4.672846273828038e277,2.0282956110397997e-36
0.053000000000000005,1.997620474185108e139,1.7261224638444353e278,1.7355793800183392e-36
0.0531,3.8393529271372646e139,6.376196830774885e278,1.4851068887343448e-36
0.053200000000000004,7.379094822868975e139,2.355330335846658e279,1.2707816746145603e-36
0.0533,1.4182348285831635e140,8.700454421644342e279,1.087387094347442e-36
0.0534,2.725795070112203e140,3.2138976852220204e280,9.304593515735045e-37
0.053500000000000006,5.238877662924715e140,1.187195269407824e281,7.96178848756824e-37
0.0536,1.0068929784206399e141,4.385430856076618e281,6.812772187584193e-37
0.053700000000000005,1.935211194503518e141,1.619952866137745e282,5.829577732740825e-37
0.0538,3.719404591744399e141,5.984012459966663e282,4.988274318639568e-37
0.0539,7.148558543054976e141,2.2104596911152245e283,4.268384747363133e-37
0.054,1.3739266052671737e142,8.16531061513163e283,3.652387015574368e-37
0.0541,2.6406362979210355e142,3.016218649430916e284,3.1252878316035613e-37
0.054200000000000005,5.075205641383283e142,1.1141737736609127e285,2.6742576809958567e-37
0.0543,9.754358191094811e142,4.115693662156096e285,2.2883185580689322e-37
0.054400000000000004,1.874751693691887e143,1.520313502359293e286,1.958076762914125e-37
0.0545,3.6032036594776693e143,5.615950396670347e286,1.6754942601609416e-37
0.0546,6.925224633938186e143,2.0744996876578196e287,1.4336930344111231e-37
0.054700000000000006,1.3310026510534317e144,7.663082203580013e287,1.2267876803836576e-37
0.0548,2.5581380399268617e144,2.8306983707066575e288,1.0497421530399674e-37
0.054900000000000004,4.916647030072178e144,1.0456436526516608e289,8.982471910089086e-38
0.055,9.449614383987872e144,3.862547347485258e289,7.686154298165998e-38
0.0551,1.8161810571289809e145,1.4268027136908225e290,6.576916519923624e-38
0.055200000000000006,3.490633054680889e145,5.270526936376606e290,5.627759895526115e-38
0.0553,6.708868080418991e145,1.9469022535862208e291,4.81558209622225e-38
0.055400000000000005,1.2894197188701047e146,7.191744641047055e291,4.1206148371558604e-38
0.0555,2.4782171768499053e146,2.656588993451187e292,3.525942720301587e-38
0.055600000000000004,4.763042076799248e146,9.813286528346645e292,3.017091516233196e-38
0.0557,9.154391325057025e146,3.624971447401346e293,2.5816758635681566e-38
0.0558,1.759440273275661e147,1.339043546370914e294,2.2090978111434407e-38
0.055900000000000005,3.381579359352803e147,4.946349633633541e294,1.8902888654867633e-38
0.056,6.499270897276887e147,1.827153027581009e295,1.6174892650560283e-38
0.056100000000000004,1.2491359127616038e148,6.749397906483248e295,1.3840591088165484e-38
0.0562,2.4007931862075273e148,2.493188660850146e296,1.1843167420537593e-38
0.0563,4.6142360203225604e148,9.209695123505322e296,1.0134004657561926e-38
0.056400000000000006,8.868391568898229e148,3.40200826354581e297,8.671502035966872e-39
0.0565,1.7044721742226301e149,1.256682232150662e298,7.420062463033181e-39
0.056600000000000004,3.275932698874204e149,4.6421116889267465e298,6.349226088738889e-39
0.0567,6.29622190954939e149,1.7147692854376677e299,5.432928917614997e-39
0.0568,1.2101106456766949e150,6.334258844513094e299,4.6488684150354465e-39
0.056900000000000006,2.3257880611853643e150,2.3398386855906976e300,3.9779606668959756e-39
0.057,4.47007893441525e150,8.643229159048665e300,3.403875880029838e-39
0.057100000000000005,8.591326962836995e150,3.1927590032544046e301,2.912640917510541e-39
0.0572,1.6512213780855586e151,1.1793867622020732e302,2.4922991946117268e-39
0.057300000000000004,3.1735866313093303e151,4.356586680798472e302,2.1326196573422206e-39
0.0574,6.099516539751437e151,1.6092979941431304e303,1.8248477601386277e-39
0.0575,1.1723045985784568e152,5.944653977315655e303,1.561492381549658e-39
0.057600000000000005,2.2531262320405473e152,2.1959208946157375e304,1.3361434914726233e-39
0.0577,4.330425576822304e152,8.11160513936002e304,1.1433161319896439e-39
0.057800000000000004,8.32291835660162e152,2.9963801564166317e305,9.783169143211322e-40
0.0579,1.5996342332135613e153,1.1068455487560445e306,8.37129782452422e-40
0.058,3.074438040159786e153,Inf,7.163182629374398e-40
0.058100000000000006,5.9089566017814434e153,Inf,6.129418216546053e-40
0.0582,1.1356796808279016e154,Inf,5.2448429165078795e-40
0.058300000000000005,2.1827344899711304e154,Inf,4.487926300180565e-40
0.0584,4.195135242920969e154,Inf,3.840245131547866e-40
0.0585,8.062895321100829e154,Inf,3.286034948876843e-40
0.058600000000000006,1.549658764130083e155,Inf,2.811806360102782e-40
0.0587,2.9783870304761746e155,Inf,2.406016713065329e-40
0.058800000000000005,5.724350101222049e155,Inf,2.0587891490998976e-40
0.0589,1.1001989918055708e156,Inf,1.7616722017909165e-40
0.059000000000000004,2.114541913346042e156,Inf,1.5074340895567942e-40
0.0591,4.0640716239515e156,Inf,1.2898866951796377e-40
0.0592,7.810995875920099e156,Inf,1.1037349479675289e-40
0.059300000000000005,1.501244619166262e157,Inf,9.44447942534383e-41
0.0594,2.885336828206504e157,Inf,8.081486572478119e-41
0.059500000000000004,5.545511041915116e157,Inf,6.915195881086432e-41
0.0596,1.06582678373576e158,Inf,5.917220012051715e-41
0.0597,2.0484797962563143e158,Inf,5.063268383588349e-41
0.059800000000000006,3.937102669688725e158,Inf,4.3325559421536864e-41
0.0599,7.566966225390015e158,Inf,3.707297257387018e-41
0.060000000000000005,1.454343019729837e159,Inf,3.172273627423037e-41
0.0601,2.7951936826923567e159,Inf,2.7144626579894375e-41
0.060200000000000004,5.3722592385526125e159,Inf,2.3227212992987137e-41
0.0603,1.0325284256653796e160,Inf,1.9875146259009522e-41
0.0604,1.9844815792891932e160,Inf,1.7006837580396806e-41
0.060500000000000005,3.8141004553932074e160,Inf,1.4552472757521579e-41
0.0606,7.330560502882318e160,Inf,1.2452312921628583e-41
0.060700000000000004,1.4089067111597992e161,Inf,1.065524049979834e-41
0.0608,2.7078667722215117e161,Inf,9.117515020952089e-42
0.0609,5.204420135144053e161,Inf,7.801708479396506e-42
0.061000000000000006,1.0002703685778319e162,Inf,6.675794342824185e-42
0.0611,1.9224827824684436e162,Inf,5.712368031358696e-42
0.061200000000000004,3.694941052930823e162,Inf,4.887979894222415e-42
0.0613,7.101540523083341e162,Inf,4.1825644487825614e-42
0.0614,1.3648899151181019e163,Inf,3.5789519897364914e-42
0.061500000000000006,2.6232681125100362e163,Inf,3.0624506810809134e-42
0.0616,5.0418246291460675e163,Inf,2.620488959044015e-42
0.061700000000000005,9.690201115864096e163,Inf,2.2423095421238738e-42
0.0618,1.8624209402900204e164,Inf,1.918707600483119e-42
0.061900000000000004,3.5795044059010533e164,Inf,1.6418067117819034e-42
0.062,6.879675542024398e164,Inf,1.4048671502491909e-42
0.0621,1.3222482834632992e165,Inf,1.2021218427759928e-42
0.062200000000000005,2.5413124680690414e165,Inf,1.0286359992279855e-42
0.0623,4.884308901084218e165,Inf,8.801870003995295e-43
0.062400000000000004,9.387461691926034e165,Inf,7.531616201005732e-43
0.0625,1.8042355387841375e166,Inf,6.444680797774156e-43
0.0626,3.467674208687079e166,Inf,5.514607950900649e-43
0.0627,6.664742024587363e166,Inf,4.718759827894016e-43
0.06280000000000001,1.2809388535707266e167,Inf,4.037765605750769e-43
0.0629,2.4619172663144814e167,Inf,3.4550499880517097e-43
0.063,4.73171424950075e167,Inf,2.956429764752616e-43
0.0631,9.094180395606395e167,Inf,2.5297685949961985e-43
0.0632,1.747867954548692e168,Inf,2.1646816104100986e-43
0.06330000000000001,3.3593377892675735e168,Inf,1.8522826489806665e-43
0.0634,6.456523419309364e168,Inf,1.58496796721292e-43
0.0635,1.2409200050459353e169,Inf,1.356231166163259e-43
0.0636,2.3850025143840903e169,Inf,1.160504826672916e-43
0.0637,4.583886931057791e169,Inf,9.930249992271704e-44
0.06380000000000001,8.810061737881532e169,Inf,8.497152501443667e-44
0.0639,1.6932613956805846e170,Inf,7.270874417963582e-44
0.064,3.2543859957018644e170,Inf,6.221568318659062e-44
0.0641,6.254809940175404e170,Inf,5.323694251699565e-44
0.06420000000000001,1.2021514177910308e171,Inf,4.555398098029324e-44
0.06430000000000001,2.3104907185338943e171,Inf,3.897979645413337e-44
0.0644,4.4406780056391215e171,Inf,3.335437428098852e-44
0.0645,8.534819461327906e171,Inf,2.8540792535571775e-44
0.0646,1.6403608445599275e172,Inf,2.4421889365882833e-44
0.06470000000000001,3.1527130861480436e172,Inf,2.0897411291437096e-44
0.0648,6.059398355269992e172,Inf,1.7881573048707584e-44
0.0649,1.1645940313801291e173,Inf,1.530096959077805e-44
0.065,2.2383068060671984e173,Inf,1.3092789419599522e-44
0.0651,4.3019431862837474e173,Inf,1.1203285763622019e-44
0.06520000000000001,8.268176251736874e173,Inf,9.586468389500243e-45
0.0653,1.5891130024152562e174,Inf,8.202984206767204e-45
0.0654,3.0542166223359038e174,Inf,7.019159419559527e-45
0.0655,5.870091782002103e174,Inf,6.006179911518809e-45
0.0656,1.1282100057062374e175,Inf,5.139389914554163e-45
0.06570000000000001,2.1683780496894167e175,Inf,4.3976918911743716e-45
0.0658,4.167542693819739e175,Inf,3.763033023615089e-45
0.0659,8.009863458680731e175,Inf,3.219965810982697e-45
0.066,1.5394662356269116e176,Inf,2.7552720794187734e-45
0.0661,2.9587973663488037e176,Inf,2.3576412537460124e-45
0.06620000000000001,5.68669948876478e176,Inf,2.0173950597785295e-45
0.0663,1.0929626828565e177,Inf,1.726251956591093e-45
0.0664,2.1006339942460794e177,Inf,1.477125565064897e-45
0.0665,4.0373411160326063e177,Inf,1.263952186491355e-45
0.0666,7.759620824876441e177,Inf,1.0815432130619614e-45
0.06670000000000001,1.4913705237039593e178,Inf,9.254588379387313e-46
0.0668,2.866359180646048e178,Inf,7.918999910268624e-46
0.0669,5.509036702746152e178,Inf,6.776158701829197e-46
0.067,1.0588165501766822e179,Inf,5.79824817182216e-46
0.0671,2.035006385725722e179,Inf,4.961466125780671e-46
0.06720000000000001,3.9112072712228616e179,Inf,4.2454454152025686e-46
0.0673,7.517196223940919e179,Inf,3.632758204235253e-46
0.0674,1.4447774088829294e180,Inf,3.1084917787851185e-46
0.0675,2.7768089311960917e180,Inf,2.6598855733115537e-46
0.06760000000000001,5.336924423762614e180,Inf,2.276020580590413e-46
0.06770000000000001,1.0257372044931456e181,Inf,1.9475535847287196e-46
0.0678,1.9714291024927183e181,Inf,1.6664897487024815e-46
0.0679,3.789014076053027e181,Inf,1.4259880212318698e-46
0.068,7.282345406372013e181,Inf,1.2201946266276393e-46
0.06810000000000001,1.399639947312111e182,Inf,1.0441005847754372e-46
0.0682,2.6900563936410287e182,Inf,8.93419793317214e-47
0.0683,5.170189243931856e182,Inf,7.644847045676407e-47
0.0684,9.936913174479965e182,Inf,6.541570579580352e-47
0.0685,1.9098380886742121e183,Inf,5.597514952484654e-47
0.06860000000000001,3.670638417490437e183,Inf,4.789701993141115e-47
0.0687,7.054831753465685e183,Inf,4.098469656238673e-47
0.0688,1.3559126617470814e184,Inf,3.506993451192265e-47
0.0689,2.6060141623970964e184,Inf,3.0008769365863483e-47
0.069,5.008663172939469e184,Inf,2.567801312966343e-47
0.06910000000000001,9.626466019233534e184,Inf,2.19722558512254e-47
0.0692,1.8501712896192686e185,Inf,1.8801299958601997e-47
0.0693,3.5559610287848706e185,Inf,1.6087964864727268e-47
0.0694,6.834426038919877e185,Inf,1.3766208403599555e-47
0.0695,1.313551495737951e186,Inf,1.177951937394088e-47
0.06960000000000001,2.5245975625899413e186,Inf,1.0079542065102446e-47
0.0697,4.852183468797081e186,Inf,8.624899286377374e-48
0.0698,9.32571779508471e186,Inf,7.380185252433469e-48
0.0699,1.79236858937466e187,Inf,6.315103811851434e-48
0.07,3.444866369288927e187,Inf,5.4037310433787154e-48
0.07010000000000001,6.620906197870982e187,Inf,4.6238842716053465e-48
0.0702,1.2725137692364477e188,Inf,3.956582143997946e-48
0.0703,2.4457245647396552e188,Inf,3.385582627648274e-48
0.0704,4.700592473869258e188,Inf,2.8969876806479735e-48
0.07050000000000001,9.034365489868274e188,Inf,2.478904975849261e-48
0.07060000000000001,1.73637175011878e189,Inf,2.121158443420019e-48
0.0707,3.3372425080582454e189,Inf,1.8150405868424456e-48
0.0708,6.4140571031668005e189,Inf,1.5531005437640433e-48
0.0709,1.232758135597164e190,Inf,1.3289627331344909e-48
0.07100000000000001,2.3693157021170468e190,Inf,1.1371716745265781e-48
0.0711,4.553737456032051e190,Inf,9.730592025673696e-49
0.0712,8.752115558068625e190,Inf,8.326308444986705e-49
0.0713,1.6821243534869566e191,Inf,7.124685953140354e-49
0.0714,3.2329810110721754e191,Inf,6.0964772403355905e-49
0.07150000000000001,6.213670348619061e191,Inf,5.2166558619398105e-49
0.0716,1.1942445399179278e192,Inf,4.463807098607879e-49
0.0717,2.2952939906774485e192,Inf,3.81960672525032e-49
0.0718,4.4114704547877405e192,Inf,3.2683750021651798e-49
0.0719,8.478683625064707e192,Inf,2.796695032543743e-49
0.07200000000000001,1.6295717437233009e193,Inf,2.393086197230545e-49
0.0721,3.131976831983917e193,Inf,2.0477247181887212e-49
0.0722,6.019544039016762e193,Inf,1.7522045492275497e-49
0.0723,1.1569341786839272e194,Inf,1.4993327741091248e-49
0.0724,2.2235848514947967e194,Inf,1.2829545320543668e-49
0.07250000000000001,4.27364813219029e194,Inf,1.097803209362141e-49
0.0726,8.213794200606922e194,Inf,9.393722508279531e-50
0.0727,1.5786609726191262e195,Inf,8.038054708714843e-50
0.0728,3.034128206286617e195,Inf,6.878031945626026e-50
0.0729,5.831482586736367e195,Inf,5.885419440323245e-50
0.07300000000000001,1.120789460673743e196,Inf,5.03605715448332e-50
0.0731,2.1541160356291194e196,Inf,4.30927173846934e-50
0.0732,4.140131628434919e196,Inf,3.6873733451254864e-50
0.0733,7.957180401273311e196,Inf,3.155225061571888e-50
0.0734,1.529340746161421e197,Inf,2.6998744790331307e-50
0.07350000000000001,2.9393365487817092e197,Inf,2.3102384331667876e-50
0.0736,5.649296514647447e197,Inf,1.9768332415188238e-50
0.0737,1.0857739690834728e198,Inf,1.6915438721262223e-50
0.0738,2.086817551321498e198,Inf,1.4474264248659578e-50
0.07390000000000001,4.0107864219488045e198,Inf,1.2385391179756031e-50
0.07400000000000001,7.708583681546079e198,Inf,1.059797665983501e-50
0.0741,1.4815613728580846e199,Inf,9.068515289689997e-51
0.0742,2.8475063542461718e199,Inf,7.759780210784159e-51
0.0743,5.472802265244529e199,Inf,6.639917009142057e-51
0.07440000000000001,1.0518524248344116e200,Inf,5.681668383728447e-51
0.0745,2.021621593487163e200,Inf,4.861710707861836e-51
0.0746,3.8854821938498807e200,Inf,4.160086335666679e-51
0.0747,7.467753573352977e200,Inf,3.5597178359902614e-51
0.0748,1.4352747136657012e201,Inf,3.045992330309773e-51
0.07490000000000001,2.7585451012199224e201,Inf,2.6064058174782093e-51
0.075,5.301822015679233e201,Inf,2.2302588282267522e-51
0.0751,1.0189906510327796e202,Inf,1.9083960017001002e-51
0.0752,1.9584624753927075e202,Inf,1.6329832453574965e-51
0.0753,3.7640926966650642e202,Inf,1.3973170543444454e-51
0.07540000000000001,7.234447433690057e202,Inf,1.1956613491979784e-51
0.0755,1.390434133495293e203,Inf,1.0231078605396778e-51
0.0756,2.672363158774785e203,Inf,8.754566625409422e-52
0.0757,5.136183498620097e203,Inf,7.491139473633258e-52
0.0758,9.871555385305848e203,Inf,6.41004552418972e-52
0.07590000000000001,1.89727656247766e204,Inf,5.484971113781218e-52
0.076,3.6464956271077885e204,Inf,4.693400071104452e-52
0.0761,7.008430200156377e204,Inf,4.0160656766444374e-52
0.0762,1.3469944542184701e205,Inf,3.436481713634549e-52
0.0763,2.5888736962168006e205,Inf,2.9405411960323863e-52
0.07640000000000001,4.975719828668648e205,Inf,2.516173006612167e-52
0.0765,9.563150125706523e205,Inf,2.15304808779631e-52
0.0766,1.8380022082401078e206,Inf,1.842328033955336e-52
0.0767,3.532572502877778e206,Inf,1.5764499659511744e-52
0.07680000000000001,6.789474154132112e206,Inf,1.3489424518021028e-52
0.07690000000000001,1.304911909156542e207,Inf,1.1542679930066368e-52
0.077,2.507992595600372e207,Inf,9.87688242667217e-53
0.0771,4.820269334236284e207,Inf,8.451486748428087e-53
0.0772,9.264380004684388e207,Inf,7.231798980006869e-53
0.07730000000000001,1.780579692126399e208,Inf,6.188132105508607e-53
0.07740000000000001,3.4222085432694224e208,Inf,5.295083430981854e-53
0.0775,6.577358691337591e208,Inf,4.530916286693479e-53
0.0776,1.2641440989797514e209,Inf,3.877030959872328e-53
0.0777,2.4296383669779036e209,Inf,3.3175119805133214e-53
0.07780000000000001,4.669675394644875e209,Inf,2.838740741242802e-53
0.0779,8.974944003076509e209,Inf,2.429064022474211e-53
0.078,1.724951159361541e210,Inf,2.0785103548044516e-53
0.0781,3.3152925535395625e210,Inf,1.7785473149566577e-53
0.0782,6.371870099567958e210,Inf,1.5218738478871502e-53
0.07830000000000001,1.224649948989584e211,Inf,1.302242560209454e-53
0.0784,2.3537320662924597e211,Inf,1.1143076595838151e-53
0.0785,4.523786282328254e211,Inf,9.534948389395378e-54
0.0786,8.69455050609049e211,Inf,8.158899385326812e-54
0.0787,1.6710605626582607e212,Inf,6.981436758894344e-54
0.07880000000000001,3.2117168128660394e212,Inf,5.973901247770994e-54
0.0789,6.1728013433795505e212,Inf,5.1117695899278933e-54
0.079,1.186389667737554e213,Inf,4.3740576311435744e-54
0.0791,2.2801972158457836e213,Inf,3.742809573863289e-54
0.0792,4.382455009968051e213,Inf,3.2026609358002483e-54
0.07930000000000001,8.422917009515287e213,Inf,2.740464580759811e-54
0.0794,1.618853605748305e214,Inf,2.3449707193317682e-54
0.0795,3.111376965823327e214,Inf,2.0065530907166813e-54
0.0796,5.979951855485954e214,Inf,1.7169746609936122e-54
0.07970000000000001,1.1493247069297827e215,Inf,1.4691871349595003e-54
0.07980000000000001,2.2089597272386826e215,Inf,1.2571594016893504e-54
0.0799,4.245539182391927e215,Inf,1.075730738208198e-54
0.08,8.15976983507939e215,Inf,9.20485198273902e-55
0.0801,1.5682776886763732e216,Inf,7.8764412891337e-55
0.08020000000000001,3.014171917235339e216,Inf,6.73974198580331e-55
0.08030000000000001,5.79312733468669e216,Inf,5.7670869835425345e-55
0.0804,1.1134177225921268e217,Inf,4.9348020066353485e-55
0.0805,2.1399478267283859e217,Inf,4.2226293645622125e-55
0.0806,4.112900853111953e217,Inf,3.613234882876407e-55
0.08070000000000001,7.904843854718542e217,Inf,3.091785992017423e-55
0.08080000000000001,1.5192818548051643e218,Inf,2.6455907048105784e-55
0.0809,2.9200037303249607e218,Inf,2.2637886954178583e-55
0.081,5.6121395501033815e218,Inf,1.9370869606485092e-55
0.0811,1.0786325374436481e219,Inf,1.6575336296667558e-55
0.08120000000000001,2.073091982914262e219,Inf,1.418324416657295e-55
0.0813,3.9844063853397786e219,Inf,1.213637005537409e-55
0.0814,7.657882223446269e219,Inf,1.0384893356634932e-55
0.0815,1.4718167394765464e220,Inf,8.886183392284311e-56
0.0816,2.8287775280351505e220,Inf,7.603761788353761e-56
0.08170000000000001,5.436806151535853e220,Inf,6.506414596870717e-56
0.0818,1.0449341044468573e221,Inf,5.567432553083551e-56
0.0819,2.0083248366839828e221,Inf,4.763960975994505e-56
0.082,3.859926317339162e221,Inf,4.07644348888051e-56
0.0821,7.418636120585856e221,Inf,3.488146020038992e-56
0.08220000000000001,1.4258345202710173e222,Inf,2.9847494980128518e-56
0.0823,2.74040139744262e222,Inf,2.5540013275558088e-56
0.0824,5.2669504857232563e222,Inf,2.185417163316246e-56
0.0825,1.012288471497539e223,Inf,1.8700257224563742e-56
0.0826,1.9455811333410074e223,Inf,1.60015042498435e-56
0.08270000000000001,3.7393352319953963e223,Inf,1.3692225469573757e-56
0.0828,7.186864499054323e223,Inf,1.1716213387343458e-56
0.0829,1.3812888688299514e224,Inf,1.0025372167789704e-56
0.083,2.6547862971450296e224,Inf,8.578546991237315e-57
0.08310000000000001,5.102401418381346e224,Inf,7.340522351609975e-57
0.08320000000000001,9.806627472156462e224,Inf,6.281164916334198e-57
0.0833,1.884797656868863e225,Inf,5.374690085581662e-57
0.0834,3.622511630449028e225,Inf,4.5990343990058693e-57
0.0835,6.962333842533533e225,Inf,3.9353185144534076e-57
0.08360000000000001,1.33813490417583e226,Inf,3.36738768763022e-57
0.08370000000000001,2.571845967561928e226,Inf,2.881418568066844e-57
0.0838,4.942993161767938e226,Inf,2.4655827408585402e-57
0.0839,9.500250678094696e226,Inf,2.1097588248339788e-57
0.084,1.825913166231363e227,Inf,1.805286119667926e-57
0.08410000000000001,3.509337809689715e227,Inf,1.5447538057446637e-57
0.08420000000000001,6.7448179301638115e227,Inf,1.321820565928703e-57
0.0843,1.2963291474945313e228,Inf,1.1310602388642874e-57
0.0844,2.4914968440124974e228,Inf,9.678297470284195e-58
0.0845,4.788565107651145e228,Inf,8.281560849257818e-58
0.08460000000000001,9.203445649678448e228,Inf,7.086396167356691e-58
0.0847,1.7688683336735534e229,Inf,6.063713296899923e-58
0.0848,3.3996997439566164e229,Inf,5.1886202914215524e-58
0.0849,6.534097608642425e229,Inf,4.439817519458912e-58
0.085,1.2558294783282724e230,Inf,3.799079234740675e-58
0.08510000000000001,2.4136579725297263e230,Inf,3.250809964279065e-58
0.0852,4.63896166548833e230,Inf,2.781664916914535e-58
0.0853,8.915913347621748e230,Inf,2.3802251731158008e-58
0.0854,1.713605684946455e231,Inf,2.0367197502057625e-58
0.0855,3.293486969861501e231,Inf,1.742787778119297e-58
0.08560000000000001,6.329960571406352e231,Inf,1.4912749970903694e-58
0.0857,1.216595092138502e232,Inf,1.276059624050667e-58
0.0858,2.338250928293925e232,Inf,1.0919033493549296e-58
0.0859,4.4940321056670093e232,Inf,9.343238371165437e-59
0.08600000000000001,8.637364075166027e232,Inf,7.994856258293658e-59
0.08610000000000001,1.660069541401e233,Inf,6.841067738144694e-59
0.0862,3.1905924750940207e233,Inf,5.853789772560011e-59
0.0863,6.132201144739677e233,Inf,5.008992165106007e-59
0.0864,1.1785864591948491e234,Inf,4.28611266972795e-59
0.08650000000000001,2.2651997366216618e234,Inf,3.66755650878807e-59
0.08660000000000001,4.3536304076458444e234,Inf,3.13826811883765e-59
0.0867,8.367517186210197e234,Inf,2.685364700479513e-59
0.0868,1.6082059638906254e235,Inf,2.29782265297711e-59
0.0869,3.090912590602178e235,Inf,1.9662092614801785e-59
0.08700000000000001,5.940620080545342e235,Inf,1.6824531061706137e-59
0.08710000000000001,1.1417652847474815e236,Inf,1.4396476051242534e-59
0.0872,2.1944307964136103e236,Inf,1.2318829091513116e-59
0.0873,4.217615112824649e236,Inf,1.0541020569599993e-59
0.0874,8.106100802537752e236,Inf,9.019778894836685e-60
0.08750000000000001,1.5579626984243955e237,Inf,7.718077274829838e-60
0.0876,2.9943468861397537e237,Inf,6.604232488929915e-60
0.0877,5.7550243555929116e237,Inf,5.65113372343085e-60
0.0878,1.1060944704424973e238,Inf,4.8355826984632424e-60
0.0879,2.125872806002513e238,Inf,4.137729025368109e-60
0.08800000000000001,4.085849182025745e238,Inf,3.5405870512389824e-60
0.0881,7.852851539906579e238,Inf,3.029622430696974e-60
0.0882,1.5092891235212308e239,Inf,2.592398362121909e-60
0.0883,2.9007980690881536e239,Inf,2.2182728777811666e-60
0.0884,5.575226977051452e239,Inf,1.8981398199433047e-60
0.08850000000000001,1.0715380769477088e240,Inf,1.6242071983760395e-60
0.0886,2.0594566913148863e240,Inf,1.3898075344814898e-60
0.0887,3.958199857426528e240,Inf,1.1892355758752544e-60
0.0888,7.607514242666888e240,Inf,1.0176094314059312e-60
0.0889,1.4621361992061438e241,Inf,8.707517466622573e-61
0.08900000000000001,2.810171886421922e241,Inf,7.450880277984953e-61
0.0891,5.401046794083003e241,Inf,6.375596388943937e-61
0.0892,1.0380612877392642e242,Inf,5.45549355219366e-61
0.0893,1.995115536275805e242,Inf,4.668176603782368e-61
0.08940000000000001,3.8345385287973527e242,Inf,3.994482368206252e-61
0.08950000000000001,7.369841726698906e242,Inf,3.4180132296157975e-61
0.0896,1.416456417602761e243,Inf,2.9247380163239675e-61
0.0897,2.722377029752818e243,Inf,2.502650484208903e-61
0.0898,5.232308315330519e243,Inf,2.1414770865471824e-61
0.08990000000000001,1.0056303740250393e244,Inf,1.8324269174391347e-61
0.09000000000000001,1.9327845153901603e244,Inf,1.5679777424887257e-61
0.0901,3.714740603926092e244,Inf,1.3416929087550928e-61
0.0902,7.139594530365942e244,Inf,1.1480646775932114e-61
0.0903,1.372203755065898e245,Inf,9.823801671279714e-62
0.09040000000000001,2.6373250433316896e245,Inf,8.406066414215582e-62
0.09050000000000001,5.068841532102652e245,Inf,7.1929335429061365e-62
0.0906,9.742126607613387e245,Inf,6.1548755866559765e-62
0.0907,1.8724008284273203e246,Inf,5.266626371735827e-62
0.0908,3.5986853830826936e246,Inf,4.5065660465338715e-62
0.09090000000000001,6.916540673232678e246,Inf,3.856194857634768e-62
0.091,1.3293336258115113e247,Inf,3.2996828686193067e-62
0.0911,2.5549302349256188e247,Inf,2.823484661804132e-62
0.0912,4.9104817470866293e247,Inf,2.4160096448234536e-62
0.0913,9.437764937318144e247,Inf,2.0673399373632028e-62
0.09140000000000001,1.8139036371513385e248,Inf,1.768988971453e-62
0.0915,3.486255937421488e248,Inf,1.513694929685216e-62
0.0916,6.700455422368729e248,Inf,1.2952439936766487e-62
0.0917,1.2878028369987534e249,Inf,1.108319100668632e-62
0.0918,2.475109589484731e249,Inf,9.483705270233563e-63
0.09190000000000001,4.757069408416389e249,Inf,8.115051486380906e-63
0.092,9.142912076553783e249,Inf,6.943916828932936e-63
0.0921,1.757234004021094e250,Inf,5.941796057370668e-63
0.0922,3.377338991159437e250,Inf,5.084297703607415e-63
0.09230000000000001,6.4911210658918e250,Inf,4.350550387343218e-63
0.09240000000000001,1.2475695452061255e251,Inf,3.7226948098224826e-63
0.0925,2.3977826854962917e251,Inf,3.1854490612031927e-63
0.0926,4.608449948908941e251,Inf,2.725736661180713e-63
0.0927,8.857270952894758e251,Inf,2.3323682794343858e-63
0.09280000000000001,1.702334832812123e252,Inf,1.995769389019202e-63
0.09290000000000001,3.2718248074579036e252,Inf,1.7077472238268874e-63
0.093,6.288326693646726e252,Inf,1.4612913678978488e-63
0.0931,1.2085932142791135e253,Inf,1.2504031229561095e-63
0.0932,2.3228716139654598e253,Inf,1.0699495010002985e-63
0.09330000000000001,4.4644736303482745e253,Inf,9.155382881517354e-64
0.09340000000000001,8.580553775008787e253,Inf,7.834111388323853e-64
0.0935,1.6491508110907781e254,Inf,6.70352098201879e-64
0.0936,3.1696070778581187e254,Inf,5.736093263026823e-64
0.0937,6.091867984689957e254,Inf,4.90828118691619e-64
0.09380000000000001,1.1708345744852417e255,Inf,4.199935932897232e-64
0.09390000000000001,2.250300899913057e255,Inf,3.593816484569314e-64
0.094,4.324995392603781e255,Inf,3.0751699861890576e-64
0.0941,8.312481742668739e255,Inf,2.63137266039095e-64
0.0942,1.5976283544807564e256,Inf,2.251622547355034e-64
0.09430000000000001,3.070582815164327e256,Inf,1.926676586737997e-64
0.0944,5.9015470014281525e256,Inf,1.648625642981296e-64
0.0945,1.1342555829487815e257,Inf,1.4107019981475609e-64
0.0946,2.17999742633433e257,Inf,1.2071146266891807e-64
0.0947,4.18987470748763e257,Inf,1.0329082427616308e-64
0.09480000000000001,8.052784765881267e257,Inf,8.838426893154249e-65
0.0949,1.5477155526802034e258,Inf,7.56289733314287e-65
0.095,2.974652249688457e258,Inf,6.471447550916536e-65
0.0951,5.717171990197652e258,Inf,5.537511823773645e-65
0.0952,1.0988193853222462e259,Inf,4.738358297300761e-65
0.09530000000000001,2.1118903605316875e259,Inf,4.054535695474006e-65
0.0954,4.058975437167247e259,Inf,3.4693998795400544e-65
0.0955,7.801201192744889e259,Inf,2.968708732195541e-65
0.0956,1.499362117159514e260,Inf,2.5402755066051066e-65
0.09570000000000001,2.8817187287300463e260,Inf,2.1736722028251186e-65
0.09580000000000001,5.538557188070769e260,Inf,1.8599757518620585e-65
0.0959,1.0644902786556888e261,Inf,1.591550829521906e-65
0.096,2.0459110827510872e261,Inf,1.3618640137732186e-65
0.0961,3.9321656970039142e261,Inf,1.1653247622431817e-65
0.09620000000000001,7.55747754584683e261,Inf,9.971493392608466e-66
0.09630000000000001,1.4525193304929442e262,Inf,8.532443804543903e-66
0.0964,2.7916886191940293e262,Inf,7.301072608810018e-66
0.0965,5.3655226356897504e262,Inf,6.247408416651427e-66
0.0966,1.0312336754235979e263,Inf,5.345805200916856e-66
0.09670000000000001,1.9819931170437738e263,Inf,4.5743180756327653e-66
0.09680000000000001,3.8093177226720806e263,Inf,3.914169160797688e-66
0.0969,7.321368266865389e263,Inf,3.349290531621204e-66
0.097,1.4071399972760312e264,Inf,2.865933127662957e-66
0.0971,2.704471213251034e264,Inf,2.452332102781326e-66
0.09720000000000001,5.197893995949472e264,Inf,2.0984204705557133e-66
0.09730000000000001,9.990160686773689e264,Inf,1.795584075359596e-66
0.0974,1.9200720642879754e265,Inf,1.5364519251145753e-66
0.0975,3.6903077414376105e265,Inf,1.3147167824571977e-66
0.0976,7.092635469157925e265,Inf,1.1249816475355786e-66
0.09770000000000001,1.3631783965741175e266,Inf,9.626283958485207e-67
0.0978,2.619978636948638e266,Inf,8.237053737933e-67
0.0979,5.0355023783537494e266,Inf,7.048312160144583e-67
0.098,9.678049982854301e266,Inf,6.031125434821664e-67
0.0981,1.8600855373096443e267,Inf,5.160735390840955e-67
0.09820000000000001,3.5750158474464517e267,Inf,4.4159568661112785e-67
0.0983,6.871048698104049e267,Inf,3.7786620639307114e-67
0.0984,1.3205902358569989e268,Inf,3.2333393251557405e-67
0.0985,2.538125761679133e268,Inf,2.7667155767624064e-67
0.09860000000000001,4.878184168851711e268,Inf,2.3674332672556813e-67
0.09870000000000001,9.375690182308574e268,Inf,2.0257739255828038e-67
0.0988,1.801973098021189e269,Inf,1.7334216150169348e-67
0.0989,3.463325880924528e269,Inf,1.4832605245145848e-67
0.099,6.65638469889182e269,Inf,1.2692017709504127e-67
0.09910000000000001,1.2793326063732436e270,Inf,1.0860351966225504e-67
0.09920000000000001,2.458830118401401e270,Inf,9.293025548016642e-68
0.0993,4.725780864989553e270,Inf,7.951889966794915e-68
0.0994,9.082776649256792e270,Inf,6.8043021852562535e-68
0.0995,1.745676196529683e271,Inf,5.8223300902823486e-68
0.09960000000000001,3.3551253111354805e271,Inf,4.982072629528525e-68
0.09970000000000001,6.448427191592691e271,Inf,4.263078063424311e-68
0.0998,1.2393639399183057e272,Inf,3.6478461729229023e-68
0.0999,2.382011814558249e272,Inf,3.121402306815662e-68
0.1,4.578138916218058e272,Inf,2.6709329009856628e-68
