Feature1,Feature2,Target,Predicted,Error
0.7883556,-0.8798586,-1.7799819856882095,-2.0356674,0.2556854337453842
-0.8737935,-0.73325497,-3.3638373017311096,-3.0883694,0.2754679322242737
-0.7021952,-0.072581865,-1.5360839128494264,-1.5695392,0.033455276489257724
-0.9129234,0.6316208,-0.43182133436203,-0.65313673,0.22131539583206178
1.4386833,-0.35416985,1.2385326683521272,1.1572864,0.08124626278877267
0.7961269,-1.1753712,-2.80936484336853,-3.1800532,0.3706883907318117
-0.59339505,0.42960638,-0.10457912981510162,-0.26624793,0.161668798327446
0.95232844,0.12913921,2.4704897105693817,2.4393065,0.031183212995529175
-0.2947739,-0.37426844,-1.7245119333267211,-1.6449032,0.07960875034332271
1.1695118,0.25684848,3.4251777276396753,3.3852596,0.03991809934377688
0.20092508,1.1338996,4.153550744056702,3.9937174,0.15983331203460693
0.2897884,-1.5308391,-4.655533742904663,-4.4729466,0.18258709907531756
0.21840131,-0.6091159,-1.605907928943634,-1.7394711,0.13356314897537236
0.64894736,1.3358694,6.234404903650284,6.309511,0.07510628104209882
-0.66592056,-1.005598,-3.5784186005592344,-3.5372994,0.041119205951690496
0.80849177,-0.38074577,0.26014187932014465,0.03640771,0.22373417019844055
-0.20661311,-0.31074387,-1.1729951858520509,-1.3224978,0.14950265884399405
-0.0404734,0.104770795,0.24572276920080185,0.46554607,0.21982330232858657
-0.96549046,0.96566075,0.03812021687626839,-0.26603293,0.30415315106511115
1.3110174,0.4041754,4.402333053946495,4.3849206,0.017412456870078863
1.1979597,-1.2290887,-2.7431364357471466,-2.772598,0.029461592435836792
1.4600765,-0.03740103,2.899958574771881,2.6409192,0.2590393662452697
-0.7159373,-0.95902896,-3.5983401358127596,-3.448515,0.1498251974582674
0.9548453,0.3785684,3.3487019777297973,3.4504638,0.10176179409027108
-0.25736085,-1.1705533,-3.7005525678396225,-3.6911938,0.00935874879360199
0.93073237,0.526994,3.911119306087494,4.054347,0.14322773218154916
-0.09311031,0.15524967,0.3019306242465973,0.51762,0.21568940281867982
-0.28034106,-0.84279764,-2.951421934366226,-2.8602924,0.0911294996738432
-0.2029065,-0.28653145,-1.0812967658042907,-1.2352315,0.15393475294113168
-0.23176068,1.0557541,2.6463391065597532,2.3458555,0.30048363208770734
-1.1476886,-1.3587776,-4.834670200943947,-4.7243423,0.11032785475254059
-1.1021467,-0.52351975,-3.2855260133743287,-2.9741883,0.31133768558502206
-0.1178693,-0.26341516,-1.0820694625377656,-1.0003173,0.08175212740898141
1.3825988,-0.50836354,0.6334580421447754,0.41927168,0.21418636441230776
-1.0814347,1.8418943,1.3807853952050209,1.3212737,0.05951171070337291
-0.46286318,-0.16529565,-1.3820076197385789,-1.3504086,0.03159906566143045
0.7202242,-0.1825942,0.7012214958667755,0.67626345,0.024958044290542603
-0.5617082,-1.4628787,-4.649637323617935,-4.5735397,0.07609758973121661
-0.16338879,-1.5345385,-4.6161568582057955,-4.612469,0.0036876618862153876
-2.3900342,1.7714779,-3.700177911343053,-2.4564745,1.2437033687252552
0.74787736,-1.2854885,-3.4094041287899017,-3.5581298,0.14872565865516663
0.6910327,0.6167444,3.6136293441057203,3.842358,0.22872876822948474
-0.3155302,0.75930506,1.4179729007184505,1.3712568,0.04671607241034503
-0.52281874,-0.6586624,-2.5848714649677276,-2.6006866,0.015815085172653287
-0.6706073,-2.0276468,-6.004249262809753,-6.0295863,0.025337052345276057
-0.5445681,0.22081326,-0.4779429197311401,-0.6092241,0.1312811613082886
0.60069835,0.004286509,1.2645025968551635,1.2804521,0.01594953536987309
1.0262707,-1.1165841,-2.4429141705390065,-2.6125278,0.16961367675103256
-0.30137208,0.22759238,-0.003098595142364503,0.067690656,0.0707892507314682
2.2573512,0.50030667,7.229468214511871,7.143058,0.08641039133071882
-0.6705636,0.71377707,0.22586536407470703,0.13597602,0.08988934755325317
1.2541503,-0.25596726,1.4824186384677887,1.2634808,0.21893785595893855
1.2539326,0.2493349,3.610524845123291,3.529034,0.08149094581604022
-0.060704295,0.93775165,2.7078727543354035,2.5768976,0.13097513318061837
-1.3772725,-2.5928798,-6.97660160958767,-7.6895638,0.7129621416330334
-0.49202558,1.667343,3.223851504921913,2.9964294,0.22742206156253797
1.6768072,0.5589707,5.941591995954513,6.017755,0.07616303563117999
-1.0188812,0.5599848,-0.9395456030964852,-1.0313147,0.09176912754774091
-0.90784675,0.5014306,-0.7844506949186325,-0.8707198,0.08626909554004669
-0.8067701,-0.30982447,-2.279892052710056,-2.1911108,0.08878120332956296
-0.42455888,-0.90938765,-3.2412314832210543,-3.1417902,0.09944133162498492
-0.7369599,0.21099974,-0.9815094292163848,-1.0716445,0.09013511538505559
1.7267066,-0.20891078,2.426564836502075,2.3318763,0.09468855857849112
-0.79380757,-0.7679222,-3.2056537091732027,-3.0756578,0.12999586462974566
-1.4034163,-1.23439,-4.800632826983929,-4.7267814,0.07385145872831345
0.6548603,0.66485745,3.9694124460220337,3.8997357,0.06967675685882568
-0.21806878,-1.5255698,-4.630100131034851,-4.6103196,0.019780516624450684
0.22424777,-1.542942,-4.364100193977356,-4.510262,0.14616181850433385
-0.55269337,-0.4269696,-2.200694572925568,-2.0483675,0.15232707262039202
0.13518262,-0.39583573,-0.9983489990234375,-1.076267,0.07791800498962398
0.93738484,0.4489732,3.792684328556061,3.7193258,0.0733585476875307
-0.6754953,1.4964212,2.073331689834595,1.8897367,0.18359503746032724
0.109968565,0.9043304,3.2374728441238405,2.9945872,0.24288566112518328
0.17181592,0.89087516,3.1619041904807093,3.1412964,0.020607803761959254
1.5937643,0.19052769,3.9783277332782747,4.038639,0.06031133532524091
-1.029415,-0.16303709,-2.417791822552681,-2.3294644,0.0883273869752883
0.34659654,-0.3861163,-0.7559518218040466,-0.70671856,0.04923325777053833
-1.0971533,0.11862981,-1.932391068339348,-2.045423,0.11303196251392356
-1.9444402,0.8438793,-3.018553411960602,-2.872501,0.14605251550674447
-0.1363656,0.30199713,0.7621925473213196,0.7991858,0.03699326515197754
0.33826143,-0.50475156,-0.9305456221103668,-1.2492812,0.31873554587364195
-0.7706305,-1.9490172,-5.876266565918923,-5.8593245,0.016942110657692133
-1.5884386,-0.1514459,-3.4607604861259462,-3.2835572,0.1772033095359804
0.76255584,1.0540886,5.579937416315079,5.6933413,0.11340383887290972
-1.297528,0.95176107,-1.0239508628845215,-1.0640434,0.040092539787292436
0.438503,-1.1454501,-2.9774503290653227,-3.3136897,0.3362393796443941
0.9384545,0.82401234,5.12598319388926,5.374852,0.2488689865916971
-0.30771685,-0.16831577,-0.8317715644836425,-1.0829798,0.25120823383331303
-1.0504335,-1.0874724,-4.354143595695495,-4.0285506,0.32559297084808314
-3.1702964,-0.7941501,-6.022871828079223,-6.6841316,0.6612597942352298
1.153975,-0.3251679,1.1380025029182435,0.8039284,0.3340741276741028
-0.23142806,0.7729554,1.7710798025131225,1.6592879,0.11179187297821036
-1.2631395,0.3625665,-1.868719032406807,-1.9758062,0.10708720386028281
-0.0067184586,-0.8008553,-2.487842160463333,-2.5376358,0.0497936427593233
0.9884691,-0.7312817,-0.9071816742420197,-1.0798272,0.17264551520347593
-0.16375789,-0.36303008,-1.489879560470581,-1.4115604,0.07831914424896236
-0.48095354,0.47544974,0.2618138164281845,0.15619811,0.1056157022714615
1.6187627,-1.2660918,-2.7401334404945374,-2.230589,0.5095445275306703
-0.98365545,1.0221338,-0.043576431274414074,-0.20596132,0.16238488554954528
1.1661624,-0.67069864,-0.47731160521507265,-0.56381917,0.08650756478309629
-1.4877383,-1.5574563,-5.391115510463715,-5.48814,0.09702459573745692
-0.013771978,0.42300153,1.2148622944951057,1.4528602,0.23799794167280197
2.1572597,1.5196049,12.209476667642594,11.692123,0.5173532545566566
-0.9299114,0.22463731,-1.4557277083396911,-1.4881132,0.03238545656204228
-0.8022214,0.21643505,-1.2171863496303559,-1.2080791,0.009107249975204512
-1.1738518,-0.9931627,-4.169314274936914,-3.967215,0.20209921374916995
0.7581163,-0.81573254,-1.6483614921569825,-1.8128247,0.16446323394775386
-1.1233286,0.4539727,-1.276788854598999,-1.4771227,0.2003338098526002
-1.1688737,0.15149595,-2.0536516085267067,-2.1484268,0.09477516263723373
-0.076190196,-1.581069,-4.750608099997043,-4.6952605,0.055347575247287395
0.37663513,0.69330335,3.1462918639183046,3.2184095,0.07211767435073835
2.5791252,-0.2902486,3.56315765529871,3.6641014,0.10094370692968369
0.6183901,2.4437342,9.979282069206239,9.898286,0.0809962034225471
0.016270101,-0.3664929,-1.1252086937427521,-1.1135459,0.011662799119949385
0.5310634,-0.69827896,-1.4828681528568268,-1.729974,0.24710587859153743
0.02945566,0.84572905,2.5330383360385893,2.6118956,0.07885722517967242
0.1736287,0.46015453,1.7755434662103653,2.0494711,0.2739276736974716
-0.9484558,0.2585041,-1.3355606079101563,-1.4495869,0.11402626037597652
0.42700756,0.6322095,3.1727331638336183,3.178719,0.0059858798980712
0.20319556,-0.21699987,-0.28253629095852373,-0.28954166,0.007005370780825637
0.21975328,0.8913236,3.308476439677179,3.2925744,0.015902034007012844
0.0147478385,0.4788386,1.3398706674575807,1.6702633,0.3303926229476928
1.0864953,-0.26759586,1.2269709706306458,0.9383116,0.28865939378738403
-0.09087115,1.9248393,5.458529257774353,5.3796525,0.07887675762176549
-0.62297136,2.3956156,4.376156222820282,4.6378374,0.26168118715286237
1.0707783,-0.02781854,1.8493629217147827,1.9396604,0.09029750823974614
-1.174962,0.39255953,-1.57186017036438,-1.7153122,0.1434520721435546
-0.036582828,0.27818862,0.4554151058197021,1.0332502,0.5778351068496704
0.47741702,-0.34500384,-0.3001796126365662,-0.3192796,0.019099998474121083
0.2005133,0.9200056,3.3653162479400636,3.3104236,0.05489263534545907
0.8728218,0.53990173,3.784451353549957,3.976557,0.19210566282272357
-1.4092098,-0.97265106,-4.351029488444328,-4.210928,0.1401015251874922
0.39388323,0.30889004,1.979776179790497,2.1718876,0.19211145639419547
0.48579165,0.4534944,2.481912785768509,2.810742,0.32882911562919626
-0.18784878,-1.3454863,-4.249995893239975,-4.115947,0.13404912352561915
1.1300102,0.788856,5.532186304032803,5.7948775,0.26269122511148435
1.6809376,0.7634473,7.097578299045563,7.012847,0.08473135232925433
-1.1227183,0.7842384,-1.1275617241859437,-0.9086027,0.21895900964736947
-1.3392032,-0.89177597,-4.045536494255066,-3.973236,0.07230041027069056
0.4295764,-0.78893703,-1.9493207573890685,-2.172565,0.2232442259788514
1.1231824,0.0371157,2.492646354436874,2.3333242,0.15932216048240644
-0.81728464,2.0385373,2.6085400104522707,2.7972198,0.18867974281311017
2.4458623,-0.32228163,3.0901611298322678,3.2128906,0.12272949516773224
0.06776459,-0.3933214,-0.8910183191299439,-1.1387663,0.24774796962738033
-2.384719,1.447765,-3.728706085681915,-3.0013912,0.7273149132728576
0.7627339,1.5373472,7.224333995580674,7.4176974,0.19336343407630885
0.39593828,0.53738743,2.7835155844688417,2.8312905,0.047774899005889715
1.5783719,1.5359788,10.184370535612107,10.036849,0.14752151370048594
-0.35242778,-0.74952805,-2.6417822927236556,-2.6900973,0.04831503927707681
-0.29355872,-1.1515645,-3.774533748626709,-3.658843,0.11569070816040039
1.0773883,-1.33298,-3.2833851229399444,-3.4284942,0.14510909207165223
0.24769542,1.1233886,4.134555943310261,4.1323004,0.002255566418170929
0.896941,1.0936093,5.905707657337189,6.2590466,0.35333889722824097
-0.7262462,2.7796378,4.843263509869575,5.3919415,0.5486780375242235
-0.78281915,0.3040275,-0.8439166009426117,-0.9596261,0.11570947766304018
-0.000779534,-0.26480547,-0.7685043841600419,-0.8109199,0.04241549670696254
-0.5422802,0.9119132,1.2721883058547974,1.0109537,0.2612346410751343
0.7172267,0.14699242,1.9655848622322083,2.1007643,0.13517941236495967
-2.2806935,-0.7010096,-5.040832988917828,-5.0345116,0.006321422755718231
0.517642,2.0909047,8.28018078804016,8.374926,0.09474482536315953
-0.86786133,-0.35796738,-2.582963651418686,-2.3495247,0.23343891501426706
0.09520452,1.3215894,4.21404869556427,4.244894,0.03084533214569074
-0.1650381,-0.5972631,-2.0879021763801573,-2.0918534,0.003951203823089777
-0.28913397,-1.2237763,-3.9129381850361824,-3.8413582,0.07158000022172928
0.688999,0.952989,5.002914822101593,5.085079,0.08216437101364171
-0.33438474,1.1691874,2.5391416370868685,2.2781477,0.260993939638138
1.3010879,-0.65253884,-0.2582085967063904,-0.28162163,0.023413038253784157
-1.6311487,0.051091295,-3.166230174899101,-3.1891506,0.022920396924019037
1.9429853,-0.4264951,1.8212626427412033,1.7652686,0.055994078516960144
-0.12067973,0.3013973,0.6274899997748434,0.84504664,0.21755663966760042
-0.34464338,0.6309738,0.8744235396385193,0.9708551,0.09643157720565798
0.44909275,-0.11431002,0.5323122590780258,0.52550566,0.006806597113609314
0.14187571,-0.19950311,-0.11316988468170164,-0.3516835,0.2385136127471924
-0.6320349,0.4289702,-0.2553844667971134,-0.36909318,0.11370871290564538
0.23108709,-0.65950835,-1.7160824894905091,-1.9035525,0.1874700427055358
1.4329332,0.47151035,5.114183831214905,5.004976,0.109208035469055
0.9759458,-1.0353292,-2.276207613945007,-2.3535326,0.07732493877410906
-0.31140444,0.26959947,0.10306096691638231,0.16587394,0.06281297784298659
1.1788063,2.30567,11.98585736900568,11.541495,0.4443620458245281
-2.327067,-0.40367287,-5.18151969909668,-4.7957444,0.3857752799987795
-0.075820185,0.2938569,0.7069920490030199,0.9610689,0.2540768792387098
-1.8884352,-1.0342273,-4.927758976537734,-4.9711084,0.043349460046738564
0.30613732,0.81341404,3.276342362165451,3.3509011,0.07455876469612122
0.32367867,2.3423939,8.327145850658416,8.451617,0.12447139024734533
-1.1196693,-1.1704835,-4.457244165241718,-4.278501,0.1787431314587593
-0.33635882,-1.2764139,-4.160335946083069,-3.9931788,0.16715710163116437
-0.76773316,-1.2921497,-4.299461567401886,-4.269904,0.029557430744171498
-0.46546882,-1.2376884,-3.9769265949726105,-3.9614859,0.01544073224067688
-1.0299127,-1.44722,-4.783033800125122,-4.8108406,0.027806806564330877
-0.51595414,-0.42653203,-1.913904881477356,-2.0183504,0.10444548130035392
-0.5369409,-0.30594775,-1.6448642015457153,-1.7691951,0.12433087825775146
-0.44807914,1.0644646,1.7933963894844056,1.679272,0.11412433385849008
1.4938124,-1.1715018,-2.501323366165161,-2.0483053,0.45301809310913077
-0.5982752,1.3263484,2.1703023672103883,1.7609524,0.40935001373291025
-0.10302999,2.7115858,7.700759899616242,7.7870083,0.0862483859062193
0.627051,-0.55239874,-0.9268437027931213,-0.9201641,0.00667959451675415
0.7620836,-0.55098236,-0.5727241337299347,-0.71137244,0.13864830136299133
1.9180043,-0.49980348,1.2346743822097779,1.3913497,0.15667529106140132
0.84616697,-0.6458357,-0.6265859842300415,-0.95903444,0.3324484586715698
-0.47418812,1.1311295,1.8963631093502045,1.7414876,0.1548754870891571
-0.40089837,-0.34162056,-1.660303184390068,-1.6722753,0.011972120404243558
1.2853824,-0.046473216,2.3031318485736847,2.250234,0.05289795994758606
3.231234,-0.008384876,6.480114310979843,6.8523393,0.37222495675086975
-0.93052274,0.9416087,-0.008563536405563357,-0.20971751,0.20115397572517396
0.606042,0.2561947,2.248023879528046,2.3388417,0.0908177971839903
0.18497881,0.016021153,0.4687731325626373,0.6276568,0.15888368487358095
0.38496572,-0.71170527,-1.6612231642007829,-1.9401932,0.2789700120687484
1.3966928,-0.5564487,0.27870548367500303,0.24972329,0.02898219823837278
1.442211,0.6010708,5.435097849369049,5.651639,0.21654113531112706
-0.15837748,-0.19730546,-0.871617940813303,-0.8728006,0.00118264779448507
-0.2774458,-0.4700176,-1.77012095451355,-1.894522,0.12440099716186515
-0.14931801,-1.2760247,-4.093791723251343,-3.9104424,0.1833493709564209
-0.519602,-1.5525554,-4.878026479482651,-4.777459,0.10056733489036596
0.7519952,1.8843747,8.544124159216882,8.570641,0.02651640474796224
0.31477702,-0.22568844,0.014700941741466522,-0.11441919,0.1291201338171959
0.45833427,0.27784157,1.833300268650055,2.1756396,0.34233936071395865
-0.11195813,-0.2867856,-0.9021484971046447,-1.0623974,0.16024886369705205
1.9500104,-1.1474131,-1.7013304889202119,-1.2336975,0.46763295531272897
-0.25609484,1.6826105,3.9766018748283387,3.956334,0.02026776075363168
-0.14041427,0.15842667,-0.0004254668951034768,0.39153188,0.39195735156536105
1.0454298,0.7650572,5.2745846807956696,5.459105,0.18452033400535583
-0.72103643,-0.6980726,-3.122657573223114,-2.8494802,0.27317742109298715
-0.10322689,-0.6069744,-1.934422382712364,-2.0658627,0.13144027292728433
-0.18943147,2.6017363,7.009398359060287,7.081504,0.07210550904274005
0.060554113,1.2520484,3.819871187210083,3.8984413,0.07857012748718262
-0.87132543,-1.3136632,-4.489900052547455,-4.3683705,0.12152951955795288
-0.19612607,0.008596951,-0.4766854107379913,-0.3278162,0.1488692224025726
-0.17646044,-1.4294432,-4.366029520332813,-4.3361936,0.029835958778858362
0.2735069,-1.0780053,-3.023884454369545,-3.1932733,0.16938885152339944
-0.24559808,0.95962936,2.120142924785614,2.070474,0.04966901540756208
1.574796,0.40746176,4.996436847746372,5.040461,0.0440242156386379
0.2508148,-0.9427961,-2.4691927254199983,-2.8008327,0.3316400229930876
0.5446949,0.9610514,4.5539097905159,4.631158,0.07724808454513532
0.17243716,0.012929183,0.43668372631073,0.5900606,0.15337686538696288
1.2689041,0.6203586,5.130130732059479,5.324259,0.19412807226180995
0.42198074,-0.51313484,-0.8836826205253601,-1.1211263,0.2374436736106873
-1.4004096,1.2363247,-0.8561774253845215,-0.88036144,0.024184012413024925
0.62668806,0.42958686,2.9072864413261414,3.0189943,0.11170789003372184
0.5549763,0.43095687,2.5196019411087036,2.886628,0.3670259714126587
1.5278634,0.27800453,4.359869033098221,4.3029757,0.056893378496170044
0.7593856,0.5439308,3.6159426093101503,3.7488072,0.13286458253860456
-0.011294189,-0.4958894,-1.6431182622909546,-1.6008466,0.04227161407470703
0.037570056,0.7675412,2.444841796159744,2.4429388,0.0019029915332793301
1.165602,-0.5916193,-0.1065191775560379,-0.24980122,0.14328204095363617
-0.90633994,-0.7344873,-3.460924541950226,-3.1282315,0.33269301652908334
0.7339529,-0.47111127,-0.23814017772674562,-0.43723953,0.19909934997558593
0.67245406,0.09448154,1.610105276107788,1.7992946,0.18918931484222412
1.1299179,-0.09849358,1.9218482851982117,1.7221255,0.1997227549552918
-0.54501134,0.27013448,-0.4204359218478203,-0.49362534,0.07318942099809644
0.23643455,0.79867166,3.1860555052757262,3.0925822,0.09347327947616568
0.010812851,1.4011663,4.297250670194626,4.1760707,0.12117998003959674
0.9331052,1.664,8.381069245934487,8.464437,0.08336728513240743
-0.05919666,0.17203003,0.34231846034526825,0.66237485,0.32005639374256134
-0.55921125,0.38234037,-0.1763428643345833,-0.27389377,0.09755090922117232
0.00033713045,0.47441602,1.3036867260932923,1.6187841,0.31509734392166133
-0.40241984,0.11112029,-0.5325782746076584,-0.520752,0.01182626187801361
-0.1773226,-0.13346276,-0.6183038592338562,-0.7123151,0.0940112233161926
1.7540523,-0.20195812,2.4957672238349913,2.418184,0.07758318185806257
1.4913592,-1.6484151,-4.511824238300323,-4.001406,0.5104180455207823
1.1995492,-0.74721986,-0.7171406656503677,-0.81658673,0.09944606721401217
-0.41954502,0.58926827,0.7496033906936646,0.6283151,0.12128829956054688
0.12447507,-0.1834255,-0.3129234820604324,-0.32346404,0.010540553927421592
0.0284463,0.6312349,1.9919190660119057,2.0827882,0.09086916297674175
-0.76465064,-0.6208006,-2.9596980094909666,-2.7248623,0.23483567237853986
0.76698065,0.7915265,4.42855042219162,4.72044,0.291889488697052
1.2315625,-1.4189917,-3.4293150186538695,-3.5221014,0.09278638362884539
0.2112787,0.6467423,2.673902428150177,2.6171808,0.056721603870391935
-1.0114008,0.31947362,-1.1702617406845093,-1.4578073,0.2875455617904663
1.3934115,-0.92877233,-1.3024828761816025,-1.2379515,0.06453135907649998
0.38794893,1.0960424,4.419294488430023,4.542477,0.12318264245986921
0.62901175,1.049499,4.9931113719940186,5.240216,0.24710440635681152
-2.0970821,-0.11805594,-4.181151604652404,-4.1889534,0.007801795005798695
-1.4435568,-0.19645047,-2.9983058094978334,-3.0565314,0.058225619792938055
-0.60696673,-0.98240054,-3.6537361621856688,-3.4465933,0.20714287757873517
0.88997185,0.87479067,5.10947362780571,5.4151497,0.3056760609149931
1.3161283,1.247953,7.958359581232071,8.140393,0.18203367590904218
0.7740216,0.9543737,5.293606805801391,5.354235,0.06062836647033709
0.12941891,-1.7527727,-5.175663864612579,-5.0916333,0.08403054475784266
-0.39647168,-0.46788815,-2.0136060319840907,-2.0101159,0.003490170091390521
0.8835379,-0.5187202,-0.36402122378349305,-0.39648938,0.03246815800666808
1.2788882,0.3508421,3.9392953753471374,4.050066,0.11077061891555795
-0.72227055,-0.5766847,-2.6104185700416567,-2.5771859,0.033232700824737726
0.941708,-0.050551645,1.5633984565734864,1.6126952,0.04929676055908194
1.0495703,0.4791756,3.8809314727783204,4.1121836,0.231252098083496
1.1163695,2.048815,10.618755826354027,10.449145,0.16961050927639043
-1.2615424,0.1980257,-2.1132659196853636,-2.2921834,0.17891747951507586
-0.43083242,1.3994755,2.793250024318695,2.5121257,0.2811242938041687
1.23983,-0.086171485,2.1193295076489447,1.9783312,0.14099829941987974
0.34019443,-0.37201148,-0.49261956214904784,-0.65699065,0.16437108516693116
0.38655922,1.6171727,6.409822177886963,6.33949,0.07033224105834979
-0.52422744,-0.5169352,-2.2180821537971496,-2.249722,0.03163985013961801
-0.20085903,-0.9810651,-3.178255224227905,-3.1458821,0.03237309455871573
1.7409459,0.2681099,4.663464641571045,4.7720695,0.10860481262207067
1.2166806,0.021497475,2.483323520421982,2.4379623,0.04536122679710397
2.565506,0.71414316,9.051828467845917,8.920551,0.13127716779708898
-0.415248,-0.044309683,-0.9269365772604943,-0.95646286,0.0295262828469276
0.4552375,0.74876636,3.4394646108150484,3.5898352,0.15037055611610395
0.023971202,-0.2296708,-0.7470035195350647,-0.6619517,0.08505179882049563
0.5835724,-0.17528269,0.5266820773482322,0.4844104,0.042271672189235665
-0.73290914,0.32664025,-0.7361182503402233,-0.7949492,0.05883092358708386
-0.43796146,0.36996412,0.1201501727104187,0.011732414,0.10841775834560394
0.086346336,-1.2924273,-3.737685078382492,-3.8583446,0.12065947651863107
-0.93884856,-0.70580655,-3.1634606242179872,-3.1051507,0.05830992460250872
1.3806529,0.81587887,6.390780168771744,6.537195,0.14641503691673297
0.64767987,0.30426764,2.444034731388092,2.5886981,0.14466341733932486
0.16979124,-0.8050946,-2.0575010657310484,-2.442376,0.38487483263015765
1.218351,-1.5048947,-3.7830721974372863,-3.8706903,0.08761814832687387
-2.1971276,-0.22959706,-4.851155304908753,-4.4424963,0.40865900516510045
-1.5459266,0.8420263,-1.5479660272598266,-1.8851962,0.33723018169403085
1.3387465,0.20493318,3.4174273729324343,3.5175824,0.10015504360198957
-0.49642178,2.2104352,4.540265442896635,4.587068,0.046802638005464914
1.2268846,1.1195325,7.183148278668523,7.3807673,0.19761906675994378
-2.8159482,-2.370787,-6.172740745544433,-8.684009,2.5112678527832033
0.25672346,-1.2179499,-3.5318592309951784,-3.6088564,0.0769972085952757
-1.324132,-0.17613658,-2.886257839202881,-2.8438802,0.042377662658691584
-0.6887043,-0.3501377,-2.1908600099384783,-2.0870779,0.10378215387463552
-1.4882865,1.0702548,-1.4089347183704377,-1.331522,0.07741273045539865
0.83577627,-0.18615252,0.9528480492532253,0.85154915,0.10129890069365499
1.3707224,-0.89486325,-1.1395066022872924,-1.1382225,0.001284146308898837
-1.4101676,-0.17719336,-2.9916219472885133,-2.9860752,0.00554678440094003
-1.1157696,1.2871338,0.03671700954437254,-0.06216535,0.09888235926628111
-1.1911525,0.19012576,-1.8725537538528443,-2.1484919,0.2759381055831909
-0.4075771,0.46908587,0.4979347884654999,0.37690073,0.12103405594825745
2.0076456,-0.033043053,3.8864408433437347,3.793549,0.09289178252220154
-0.8683249,0.24948527,-1.2413791477680207,-1.2820834,0.04070424437522879
0.42090774,-1.1898952,-3.405828332901001,-3.4596002,0.05377187728881827
0.8266616,0.15676711,2.268301346898079,2.3340461,0.06574477851390848
0.5594047,0.64053917,3.363752043247223,3.5468173,0.18306525945663443
0.16118783,1.1212924,3.8163613259792326,3.8117023,0.004659074544906439
0.61015666,-0.51227236,-0.5537925004959107,-0.78612065,0.23232815265655515
1.138967,0.30243534,3.548686358332634,3.5137298,0.034956547617912115
-0.27069122,-2.1180515,-6.402711319923401,-6.1910696,0.2116417169570921
0.29082784,1.0709089,4.11058313511312,4.1141405,0.00355737544596213
-0.67981154,-0.6714226,-2.9502909719944,-2.748093,0.20219808220863333
0.7547323,0.5001123,3.570159077644348,3.5504808,0.019678235054016113
0.41719112,-1.8893485,-5.635347278416157,-5.4594655,0.17588177472353017
-1.0175997,-1.382411,-4.6458904504776,-4.6548815,0.008991026878357289
0.42457893,0.25720915,1.8644017457962037,2.0450308,0.18062908649444576
0.09936,0.79257923,2.687905380129814,2.671782,0.01612336337566367
-0.37240776,1.2275779,2.46071914434433,2.288385,0.17233422994613656
0.13885184,-1.128927,-3.2648997508920727,-3.3945463,0.12964651947841066
-0.1670605,0.55122197,1.2503945589065553,1.3139889,0.063594365119934
0.90850675,-0.020276912,1.8658582091331481,1.6927705,0.173087728023529
-0.4532493,0.2591703,-0.34693917632102966,-0.27139175,0.07554742693901062
1.8137196,-0.37716243,1.622330105304718,1.7412819,0.11895176172256461
-0.4609491,-0.50547737,-2.013060653209686,-2.1681554,0.15509477853775033
0.7979414,0.37638494,2.969068843126297,3.121742,0.15267316699028033
0.02954224,0.19665717,0.5643829703330994,0.9690818,0.40469884872436523
-0.01985152,1.0807631,3.380296003818512,3.0794604,0.3008356213569643
-0.3261335,-0.027174862,-0.7517339944839477,-0.72676176,0.0249722361564636
-0.34277028,1.0927167,2.2284793108701706,2.0794792,0.14900009334087372
-0.7496738,0.584092,-0.025871944427490218,-0.3606575,0.3347855687141419
-1.3008313,0.51598966,-1.4367808818817138,-1.817786,0.3810050964355469
-0.51944244,0.22963752,-0.4538511723279953,-0.5284928,0.07464163601398466
0.1259604,1.0001191,3.4004177793860437,3.300415,0.10000274032354373
2.6675894,1.4036685,13.155780804157256,12.489936,0.6658449292182915
0.01272458,1.2805289,3.9016028895974157,3.8222835,0.07931938320398313
0.43870926,1.2348105,5.158696308732033,5.2072425,0.04854618012905121
0.8823189,1.4261562,7.603834533691407,7.451883,0.15195169448852575
0.13967279,-0.9717678,-2.8002919107675552,-2.9584613,0.15816937386989594
0.3361017,-1.4662809,-4.090193331241608,-4.298322,0.20812886953353882
-0.2984706,-0.8933764,-2.8806074500083922,-3.0081472,0.12753978967666635
-1.1158891,-0.4400754,-3.2213968992233277,-2.8353844,0.38601253032684335
-0.69328237,1.7355086,2.4686299204826354,2.449124,0.01950582265853873
1.8870856,1.3056891,10.01334090232849,10.047037,0.03369622230529856
-0.8279385,-1.5690358,-4.990658468008041,-4.9604044,0.03025407195091212
1.5920644,1.7914435,11.63913345336914,11.039327,0.5998067855834961
0.033586994,-0.33952996,-1.0164046943187715,-0.9969529,0.01945180296897897
-0.17673357,-0.5434483,-1.9063022643327714,-1.9672112,0.060908982157707126
0.87848115,0.2832644,2.8439631648361683,2.9153123,0.0713491253554821
0.3416788,-0.63287264,-1.3687021553516387,-1.7008984,0.33219625353813176
-0.95765585,1.0256284,0.0047725915908813366,-0.11502391,0.11979650259017943
0.32313144,-1.3621986,-3.6706700325012207,-4.008142,0.33747196197509766
-2.0248883,-0.6483465,-4.716464713215828,-4.515347,0.20111770927906036
0.059740197,0.826155,2.6107098013162613,2.6492534,0.038543567061424255
0.63795006,0.06568727,1.4894254595041274,1.6175045,0.1280790179967881
2.2588642,-0.4149664,2.5121209144592287,2.412654,0.09946699142456072
0.35374826,0.8248134,3.5145281165838242,3.5145724,4.426538944235503e-5
0.23874159,1.0672462,3.932962710876018,3.907502,0.025460774917155593
-0.81719375,-0.49577513,-2.629711836576462,-2.5414028,0.08830901980400085
-0.68952495,1.4168004,1.6350148677825929,1.6546466,0.01963176727294913
-0.97818464,0.10562989,-1.6660608053207397,-1.8290994,0.16303861141204834
0.2498975,-0.02725606,0.34246890544891356,0.5606972,0.21822829246520997
1.0540991,-1.0735202,-2.2209854453802107,-2.3691957,0.14821025431156176
-0.2778514,-0.8217506,-2.742174047231674,-2.8035123,0.06133828759193438
-0.8050915,-0.79965425,-3.3462917029857637,-3.1569526,0.18933908343315142
0.011875111,-1.7581129,-5.386834061145782,-5.128607,0.2582272648811337
-0.61285716,1.0013839,1.1731192119419576,0.97304654,0.2000726707279683
-0.48708463,1.0961457,1.889999556541443,1.6179698,0.2720298051834107
1.4203734,-0.18069883,2.0234670400619508,1.8803254,0.14314160346984872
1.3942288,0.48692745,4.914656043052673,4.985383,0.07072699069976807
1.0449958,0.9314911,5.713465631008148,6.109485,0.39601951837539673
1.2758168,0.42777047,4.560891842842102,4.4132237,0.147668099403381
-1.339647,-0.0066494984,-2.6905578400939705,-2.6922073,0.0016494963318107736
-1.4798055,-1.6002407,-5.440213081240654,-5.5741143,0.13390124142169935
0.6299465,-0.03978572,1.152720907330513,1.1310031,0.02171776592731467
-0.5867659,0.5627561,0.19197263047099114,0.031185642,0.16078698858618737
-1.1731659,-0.62575257,-3.4725933119654657,-3.2615697,0.2110235735774042
2.9035525,0.82102823,10.861459875106812,10.255296,0.606164121627808
-1.5848095,-1.0700041,-4.618499356508255,-4.6212797,0.0027803599834443915
-0.5038148,-0.05195482,-1.0762436926364898,-1.1409774,0.06473369002342233
-0.552587,1.0660262,1.5910818576812744,1.3257762,0.26530563831329346
-1.5534933,0.028957726,-2.998844563961029,-3.0631728,0.06432825326919556
0.45396066,0.8720214,3.717044544219971,3.9971478,0.2801032543182371
-0.81620526,-0.97595286,-3.738969239592552,-3.5601966,0.1787726014852522
-1.0744948,-1.2305199,-4.533475932478905,-4.369861,0.16361480653285998
1.6833707,-0.88763416,-0.8280496269464492,-0.62113947,0.2069101601839065
1.2867321,-0.5004297,0.5523439407348633,0.30173662,0.2506073176860809
-0.76040673,-0.2539191,-2.1668320655822755,-2.0280297,0.13880238533020028
-0.034075532,0.39178714,1.2151031970977784,1.319033,0.1039298295974731
-1.5931294,1.5892555,-1.0295102894306183,-0.8056103,0.2238999903202057
0.41782358,-0.11504663,0.3349337220191956,0.47328752,0.13835380077362058
-0.25240085,-0.92973137,-3.031113916635513,-3.0639381,0.03282422423362741
-0.11456755,0.8599958,2.3466760516166687,2.2248926,0.12178343534469604
2.0489452,-0.1893533,3.2009105503559114,3.051833,0.14907763600349444
-0.07510521,0.25658444,0.6452447652816773,0.86866856,0.22342379093170162
-1.0710598,-0.88053834,-3.8039674878120424,-3.6176202,0.18634725809097308
0.13780314,0.88650197,3.085328555107117,3.0248036,0.060524916648864835
-0.15926467,0.22129236,0.184529846906662,0.5160141,0.3314842522144318
-0.6714429,-0.7874511,-3.0807752192020414,-3.0134943,0.06728096604347211
0.32333946,-0.47697777,-0.8333214044570922,-1.164072,0.3307506322860718
0.56240296,0.1358566,1.6737054884433746,1.7861668,0.11246129870414734
0.33959866,-0.5491595,-1.181612503528595,-1.4056728,0.2240602850914002
0.8454115,-0.7944406,-1.2098891258239746,-1.5506873,0.3407981872558594
0.43782926,-1.0767763,-2.702076268196106,-3.1046798,0.4026035547256468
-0.10707476,0.16431983,0.24841761589050293,0.50839096,0.25997334718704224
-0.79626685,0.040339988,-1.5907715439796448,-1.5696476,0.021123993396759078
2.8747294,-0.309991,3.7668677091598513,4.229229,0.4623612642288206
-0.94173753,1.4739933,1.1250777810811996,0.9228844,0.20219337642192836
-0.7082099,-0.35816574,-2.2703412592411043,-2.1299756,0.1403657019138338
-0.9326328,-0.977379,-3.883101580105722,-3.6726682,0.21043336149305114
-0.26003742,0.20289707,0.19118140488862992,0.13140517,0.05977623015642167
-0.94548076,0.7937565,-0.4272311687469482,-0.48560894,0.05837776660919192
0.065678604,-0.61246675,-1.7052851438522338,-1.9129176,0.20763247013092045
-1.679544,1.0406662,-2.1025558948516845,-1.8816581,0.22089781761169425
0.34380132,0.4387328,2.0637059092521666,2.4497502,0.3860442757606508
-0.6494507,1.0818945,1.0402066469192506,1.0308905,0.009316182136535733
0.19667414,-0.21753272,-0.4162085115909576,-0.30499548,0.11121303439140318
0.45536435,0.17732842,1.5207677660509944,1.7830541,0.2622863473370671
-0.8589963,-0.09373208,-2.00347044467926,-1.9162164,0.08725407123565665
2.3846786,-0.24635218,3.5461490511894227,3.4708433,0.07530573606491098
-0.09759351,0.81355345,2.0818655014038088,2.1629128,0.0810473442077635
0.9544609,0.039039943,2.0452042534947394,2.0396328,0.005571456253528506
1.6738868,1.7919592,11.603271400928497,11.295281,0.3079899907112118
-0.737042,-0.8165287,-3.3205248271115124,-3.1306703,0.18985451804473996
-0.272084,1.8061558,4.443244475126266,4.261784,0.18146039843559247
3.2641358,0.0127175115,6.418860638141632,7.0449276,0.626066958904266
2.0885112,1.0472425,9.466213887929916,9.368477,0.09773702025413478
1.6853219,-0.1620745,2.6635293543338774,2.4848974,0.17863197922706586
-0.1965964,-0.53363115,-1.646094512939453,-1.9661131,0.32001857757568364
0.046288703,0.2299973,0.804404902458191,1.1224055,0.31800062656402583
-1.5113767,-0.5917931,-4.082742094993591,-3.6492655,0.4334765672683716
-0.20972316,1.158614,2.8314034670591353,2.6513124,0.18009111583232862
-0.4253679,-0.7229742,-2.5865484714508056,-2.685442,0.09889349937438974
1.116158,1.1134248,6.826404892653227,7.0140657,0.18766084983944875
-0.5304218,-0.3532116,-1.991676390171051,-1.8631153,0.1285610795021057
-0.3287941,-0.42599958,-1.8533020913600922,-1.8302221,0.02307996153831482
-0.23024048,0.37083343,0.6471277475357056,0.6837419,0.036614179611206055
0.3973854,0.51742446,2.776237654685974,2.783697,0.0074592351913453925
-0.6497816,-0.5881622,-2.6788092786446214,-2.5221438,0.15666543785482645
-1.5508322,0.6020543,-2.1020305871963503,-2.2917945,0.18976395130157453
1.204729,-0.36852676,1.163174843788147,0.70342064,0.4597542047500611
1.2022239,-0.14246315,1.691933023929596,1.6513128,0.04062019586563115
1.6050651,0.61085063,5.8013019323348995,6.0937033,0.29240133762359655
-1.4727707,0.40891314,-2.3931589007377623,-2.403534,0.010375034809112726
0.23062907,-0.6563802,-1.6559437427669763,-1.8930182,0.23707450293004517
-0.66175425,2.3402207,4.227994894981384,4.297406,0.06941130161285436
-0.84583473,-1.2682087,-4.456980785727501,-4.247945,0.20903595387935603
0.24008198,0.071770266,0.7831229031085968,0.9680288,0.184905880689621
0.09443941,-0.39941958,-1.0832737624645232,-1.1320143,0.04874051213264474
-0.08181924,1.8375193,5.153358602523804,5.144757,0.008601808547973988
1.1321267,1.8420686,10.02399127483368,9.778326,0.24566524028778147
-0.7562354,0.34572273,-0.9395092487335205,-0.8109126,0.1285966396331787
-0.56784004,-2.089266,-6.163091439008713,-6.1727805,0.009689074754715143
-0.48493788,1.225578,2.0827843993902206,1.9192816,0.1635027974843979
0.9628987,0.53298765,3.9843920528888703,4.161231,0.17683898806571952
-0.56714714,-0.7205318,-2.894953966140747,-2.7884822,0.10647177696228027
-0.49316853,0.5527033,0.3437183558940887,0.31198356,0.031734800338745095
-0.72946715,1.0011287,0.823681540042162,0.5740782,0.24960333779454236
-0.2199315,1.4732815,3.5447988271713258,3.4798439,0.06495497226715097
-0.06457454,2.2111518,6.259214341640472,6.3845444,0.12533003091812134
-0.4265734,1.0000497,1.7038752064108849,1.6042469,0.09962835162878036
-0.9802452,-0.74796355,-3.3770204544067384,-3.2407172,0.1363032817840577
-1.7687924,-1.9240831,-5.865260916948318,-6.5668254,0.7015644729137422
0.29882023,-1.6969123,-5.071070408821106,-4.9227147,0.1483556985855099
-0.38397598,-1.9944471,-5.745107626914978,-5.89253,0.1474223375320438
0.89106464,-1.163829,-2.7139801651239397,-3.0347,0.3207197517156599
0.25877994,-1.0662924,-3.0333248376846313,-3.1683598,0.13503491878509521
-0.4735422,0.27670628,-0.20731097757816314,-0.2814737,0.0741627186536789
-1.237712,0.46868378,-1.7486503541469574,-1.7380662,0.010584157705306962
-0.9969979,1.6444752,1.3017844373360277,1.1213052,0.18047921005636458
-1.2756062,0.5332431,-1.5984611928462982,-1.7268276,0.12836642861366276
1.8369547,-0.73055387,0.06801870465278625,0.26737636,0.19935765862464905
1.0374573,0.3540376,3.4221782982349396,3.520736,0.09855768084526062
-0.6058022,-0.6420461,-2.6888372540473937,-2.6225631,0.06627413034439078
-1.6499608,1.3118607,-1.4773171663284301,-1.3480397,0.12927742004394527
0.31673735,0.1611457,1.0630447745323182,1.4888438,0.425799024105072
1.4457695,0.22949308,3.8293028473854065,3.8701782,0.040875375270843506
0.895532,0.9984065,5.853585755825042,5.896926,0.043340170383453724
-0.3275615,0.579324,0.7336977481842041,0.8969639,0.16326614618301394
1.0347977,0.33611706,3.4363350264728068,3.4370816,0.0007465489208700049
-0.8376041,0.41619417,-0.7690000329166651,-0.85912704,0.0901270117610693
0.46314394,0.10221876,1.2569117695093155,1.4806845,0.22377274930477142
-1.3091986,-0.7523516,-3.8707171753048897,-3.6816616,0.18905556946992874
1.2071191,-0.017733281,2.318516829609871,2.2335672,0.08494959175586692
-0.37929478,0.8630075,1.5071847170591355,1.4303309,0.07685384452342992
-0.045808226,1.0221795,2.9019260734319685,2.838895,0.06303099095821363
-0.7220642,0.3729481,-0.5906026657670737,-0.68200207,0.09139940179884432
1.9905552,0.732206,7.5235270977020265,7.6132154,0.08968834877014142
-1.1901908,-0.77650917,-3.9762919664382936,-3.5674922,0.408799719810486
-1.3982077,-0.032905687,-2.9358681201934815,-2.8278275,0.10804066658020028
0.5953247,0.10844808,1.5525200635194778,1.7260274,0.17350730597972874
-1.2906827,0.5745076,-1.5758238926529884,-1.6928841,0.11706019490957265
-1.698905,-1.0383232,-4.62106420993805,-4.720614,0.09954974651336634
0.46796623,0.05163782,1.1412937849760056,1.2742748,0.13298104107379904
-0.49373803,0.5997625,0.37401907444000243,0.42315623,0.04913715720176698
-0.4297508,0.70719886,0.847206175327301,0.8882119,0.041005730628967285
-2.155303,1.0268466,-3.527965408563614,-3.100225,0.42774043679237383
-1.7198038,0.7008729,-2.7015318274497986,-2.5488005,0.15273135900497437
-0.61147624,1.7069669,2.927330827713013,2.6708603,0.25647053718566903
0.43192247,-1.2674997,-3.5253662377595902,-3.6897395,0.16437322795391074
1.3008937,-0.88940215,-1.2818432867527008,-1.2250999,0.056743365526199296
1.243012,-0.037349544,2.2940586745738982,2.2095137,0.08454501032829276
-0.7704406,1.7889218,2.5607338428497313,2.3091087,0.2516251087188719
-1.2754467,-0.9193988,-4.1893603801727295,-3.9351668,0.2541935443878174
0.967654,-0.64315766,-0.4968333601951599,-0.76165545,0.26482208967208865
-0.5699015,0.06049199,-1.0413720548152923,-1.0343332,0.007038825750350863
0.21916117,-1.5478454,-4.735601019859314,-4.5243297,0.2112713575363161
-1.1925598,-0.66186297,-3.5945335626602173,-3.3554776,0.23905599117279053
-0.32377347,0.595294,0.9514644470065832,0.9472915,0.00417295359075065
-0.85262024,-0.11125027,-2.026263701915741,-1.9320138,0.09424995183944684
-1.4692384,-0.018699834,-3.1071643471717834,-2.9487982,0.15836616754531851
-0.9731387,-0.98581773,-4.034826761484146,-3.7294946,0.30533218979835475
-0.5235418,0.10797579,-0.6790650606155395,-0.8295858,0.15052073001861577
1.9745425,-0.68148965,0.5854458570480346,0.7078327,0.12238683700561526
0.71407014,0.15808408,1.9934473514556885,2.1425586,0.14911122322082515
-1.0524849,-1.1661521,-4.521676850318909,-4.2057824,0.31589443683624285
-0.81916195,-0.9454273,-3.6219157338142396,-3.494958,0.12695780992507943
1.2092246,-1.3624306,-3.373808854818344,-3.3295288,0.04428004622459403
-0.27249205,0.10429698,-0.21852611005306244,-0.19435889,0.024167224764823914
-0.48841363,-0.616221,-2.4521141231060026,-2.468786,0.016671878099441706
-1.540347,0.6389075,-2.149469855427742,-2.2087033,0.05923342406749743
0.10954644,-0.58781505,-1.4775988817214967,-1.7796516,0.30205276012420645
0.54939264,-0.7614345,-1.5448042392730712,-1.9601476,0.4153433799743653
0.09284201,-0.021502111,0.23339750021696093,0.28811643,0.05471892505884168
0.9798961,-0.12739024,1.7042659997940064,1.335573,0.3686930418014527
-0.73966914,0.5313415,-0.19010371565818784,-0.42275834,0.23265462517738345
1.453494,0.16484003,3.6447952829301355,3.5812469,0.06354843005537969
-1.1022853,2.2797146,2.2849681973457336,2.3880725,0.10310429334640503
0.03304944,0.51398206,1.7204688906669616,1.8080863,0.0876173853874207
-0.41304687,1.0202129,1.8873602986335754,1.6926606,0.19469972848892203
-0.9235318,0.65204835,-0.5515728890895844,-0.6449235,0.0933506190776825
-0.8257819,0.9031164,0.3285786882042885,0.04999225,0.2785864397883415
1.025478,-0.017709864,1.9057395458221436,1.9045604,0.0011790990829467773
-1.3492919,1.0384138,-1.0205125391483307,-1.0552574,0.03474490046501155
0.14739147,-0.2585663,-0.5212181804701685,-0.5822927,0.06107449550181632
-0.3970371,-1.5111498,-4.714224714040756,-4.6188416,0.09538306593894941
-0.68030703,-0.788378,-3.3363359212875365,-3.0203578,0.3159780740737914
0.0025159887,1.7511843,5.204248356819153,5.2285843,0.024335932731628596
0.124085136,1.2642846,4.203633616864681,4.1546354,0.04899818748235685
0.41884652,1.8229002,6.960328161716461,7.133955,0.1736268401145935
1.0260094,-1.3454369,-3.3831939563155173,-3.5149903,0.1317963734269143
2.724437,0.36802232,7.555293854372576,7.6299686,0.0746747888159005
0.8375095,0.21913904,2.4189738035202026,2.5985658,0.17959201335906982
1.4880466,-0.55190617,0.5290223091840744,0.4161765,0.11284581124782567
-0.34799084,0.8515327,1.5512504667043685,1.4972647,0.05398572385311118
0.3789369,-0.9614931,-2.438021790981293,-2.7879014,0.3498796105384825
-0.034048177,0.6080002,1.6972855895757675,1.849589,0.15230340063571934
-1.3234254,-0.08374268,-2.657027745246887,-2.7433038,0.0862760305404664
1.3641714,-0.45728317,0.747460687160492,0.5952667,0.15219398736953738
1.8473328,-0.62556374,0.6208847403526306,0.712225,0.09134027957916258
-1.9502028,-1.2511778,-5.372389411926269,-5.4372525,0.0648631095886234
-1.9323128,1.6800727,-2.1654200196266173,-1.4647248,0.700695240497589
1.9483893,0.12646522,4.487156087160111,4.547767,0.06061107516288722
-0.066056706,-2.2374163,-6.645806062221527,-6.4553866,0.1904194235801695
1.155239,-2.5602746,-8.250631231069566,-7.2006283,1.050002950429917
0.1302746,-0.59128356,-1.668926215171814,-1.7699304,0.10100414752960196
0.22094955,1.7913029,6.230399750173092,6.254534,0.024134017527103424
-0.89279544,-1.402069,-4.88469078540802,-4.5898557,0.2948351144790653
0.6890694,0.55567145,3.5730215549468993,3.6262324,0.05321083068847665
-1.6316918,-0.49480307,-3.955278715491295,-3.661795,0.2934838145971299
1.3973318,1.1235149,7.608528685569763,7.909,0.30047123432159406
0.299576,-1.0664164,-2.8839671194553373,-3.147434,0.2634668767452242
-0.27572194,-1.3675964,-4.216067171096801,-4.217626,0.0015589237213138318
-0.09353897,1.5558115,4.428495568037033,4.223962,0.2045337378978731
1.664148,0.15598686,4.211871325969696,4.0254436,0.1864277720451355
0.83644015,-1.7943811,-4.935642743110657,-5.0576324,0.1219897031784054
1.8419214,0.36081526,5.518790370225906,5.4635644,0.055225974321365
0.11717079,0.7751738,2.5862851798534394,2.675652,0.08936684727668753
-2.6111817,-0.24796364,-5.358727058768272,-5.2033477,0.15537937581539119
-1.9979132,-0.60039455,-4.429209434986115,-4.412866,0.016343319416046498
1.1463667,-0.8114976,-1.0561200216412545,-1.155266,0.09914602488279334
-0.8995321,1.4142234,1.0340941429138184,0.9313214,0.1027727603912354
-0.21921888,-0.93988514,-3.0248343646526337,-3.057821,0.03298667073249817
0.8390217,-1.0113248,-2.430791473388672,-2.5145688,0.08377733230590811
-0.52992374,0.25436783,-0.41290777921676636,-0.4931838,0.0802760124206543
0.7782539,-0.47089946,-0.2906333327293396,-0.36830264,0.07766931056976317
-2.2155688,-0.37372816,-4.67782136797905,-4.5715017,0.10631963610649109
0.039557196,-1.0190178,-3.0357818245887755,-3.117176,0.08139423131942758
0.018447388,0.12801294,0.5548458337783814,0.70033884,0.14549300670623777
1.9430466,-0.012073935,3.7265389442443846,3.7582448,0.031705808639526545
1.2223048,-0.41305932,0.8283159494400024,0.54941887,0.2788970828056335
0.95225084,0.9497479,5.75521889925003,5.890163,0.134944045543671
-0.67070216,-0.973042,-3.543843138217926,-3.4611921,0.08265100717544538
0.7943009,1.2362368,6.172583961486817,6.473844,0.3012600898742672
1.1480545,1.4842852,8.475918145477772,8.506683,0.030765204131602886
-0.47882456,-1.37346,-4.403313535451889,-4.308285,0.09502829909324628
0.01167685,-1.5187924,-4.536219234764576,-4.485123,0.05109607726335508
-0.6126335,-2.3733218,-6.851996129751205,-6.926806,0.07480984330177343
-2.377805,0.015918765,-4.772194135189056,-4.6319385,0.14025567770004255
-1.9031769,-1.2343825,-5.001511979103088,-5.3437247,0.34221274852752703
1.1392777,0.3207409,3.4734002232551573,3.5940266,0.12062634229660052
-0.6900791,-1.373447,-4.660793864727021,-4.4294515,0.23134239912033117
-0.18337671,0.433173,0.7859799146652222,0.9770578,0.19107789993286128
0.07551677,0.6746705,2.398981034755707,2.3196468,0.07933419942855835
1.5151678,0.3716153,4.730713202059269,4.7231607,0.00755245834588969
-0.64111763,-1.060165,-3.9663870453834535,-3.6561015,0.3102855801582338
-0.4350972,0.73264545,0.88165283203125,0.9341165,0.052463650703430176
-0.61761135,-0.4087714,-2.1239108622074125,-2.0957036,0.02820726037025434
0.77471983,-0.7377749,-1.2473155714571476,-1.438056,0.1907404206693173
-1.8507205,1.5948477,-1.7212566137313843,-1.397346,0.32391059398651123
0.88541055,0.38011974,3.489688277244568,3.3084593,0.18122899532318115
0.8483758,0.9378537,5.349937689304352,5.5229883,0.17305063009262067
-0.8122529,0.507558,-0.3355645895004272,-0.6319789,0.29641433954238894
0.4522559,1.0560666,4.670028626918793,4.6325574,0.037471234798431396
0.62526184,1.1149964,5.347878843545914,5.455158,0.10727939009666443
0.12576692,-0.2185858,-0.4739974230527878,-0.46343648,0.010560938715934776
-0.107779846,-0.31530535,-1.1368757255375386,-1.1480317,0.011155986040830568
0.026511025,0.9130771,2.8525660157203676,2.772474,0.08009196519851702
-0.7248081,-0.6512111,-2.988828831911087,-2.7462666,0.24256222844123831
0.12571679,-0.8187414,-2.0576040983200072,-2.5149827,0.45737860202789316
-1.6389577,0.02561361,-3.1932745695114138,-3.2279794,0.034704852104186834
-0.4704944,-1.2465291,-4.098920356854796,-3.9861689,0.1127514954656359
0.38049987,-0.4141928,-0.64214406311512,-0.7658354,0.12369134128093717
0.7860211,0.7537096,4.633213996887207,4.6374454,0.004231452941894531
-0.8137475,0.515147,-0.4625804215669632,-0.62205464,0.15947421491146085
-1.7343,-1.2810307,-5.060310706496239,-5.2021303,0.14181961119174957
-1.4386469,0.78733903,-1.8445386648178101,-1.7016178,0.14292082786560067
0.99043566,0.051972754,2.0599976062774656,2.160608,0.10061044692993182
-1.0376456,0.0411742,-1.9211265981197356,-2.0525606,0.13143396973609933
0.7218894,0.4688273,3.2339532375335693,3.3447227,0.11076951026916504
-0.95060533,-1.4020592,-4.626905930042267,-4.63577,0.008863914012908758
-0.5054787,-0.26328796,-1.743384563922882,-1.6283665,0.11501809358596793
-0.9868644,0.50150955,-0.9114552736282349,-1.0589209,0.14746558666229248
-0.90758306,0.15812506,-1.5676839172840118,-1.5813897,0.013705748319625899
-1.5602392,2.0019715,-0.21413498371839523,0.05061297,0.2647479549050331
1.1612512,-1.0980961,-2.214517167210579,-2.2718055,0.0572883576154708
0.63925797,1.4547955,6.7558595657348635,6.689462,0.0663973808288576
-1.055619,0.7315387,-0.6427554339170456,-0.8317703,0.18901486694812775
-0.39350197,-0.008212907,-0.7833282560110092,-0.8228034,0.03947512209415438
0.19709738,-2.0313573,-6.106125621125102,-5.830987,0.2751386445015669
-0.5206636,0.91468346,1.3595445156097412,1.0909534,0.26859116554260254
-0.41413265,-0.6654768,-2.4552393317222596,-2.5336082,0.07836886644363394
-0.9509253,1.0079842,0.16290482440963389,-0.1315195,0.29442432085052134
-0.17075475,1.2935634,3.3612950682640075,3.1510222,0.21027287244796744
-0.81702435,0.9146511,0.5482442855834961,0.10397756,0.44426672458648686
-1.9933605,-1.5551635,-5.536271414160728,-6.063072,0.5268007904291157
-0.7732503,-1.3713665,-4.621754644811153,-4.462151,0.1596035942435261
1.3378726,0.393607,4.458814960718155,4.399135,0.05967984795570391
-0.06280771,-0.75757754,-2.109968161582947,-2.4494169,0.33944871425628653
-0.6661237,1.5131096,2.171582096815109,1.9672099,0.2043721616268157
1.2052681,0.9672874,6.523367974162102,6.728034,0.20466604530811328
0.63556635,0.9092587,4.443754661083221,4.754871,0.31111623048782366
0.11283872,-0.51180893,-1.380502225458622,-1.5084339,0.12793171256780633
-0.582238,-0.08631132,-1.3823156826198102,-1.376911,0.005404638499021619
-1.514312,1.6792731,-0.4786610960960388,-0.45209503,0.026566064357757546
-0.16308554,-0.98641574,-3.1535858392715452,-3.1383116,0.015274214744567693
-2.047161,0.51990616,-3.5589211165904997,-3.614893,0.05597184300422686
0.5623445,-0.98028105,-2.2640478014945984,-2.7239017,0.4598539471626282
0.013165775,-0.29601273,-0.9675477862358093,-0.88607025,0.08147753477096553
0.36231476,-2.152106,-6.363192784786224,-6.1615305,0.20166229009628278
-0.26119938,-0.67096114,-2.484509825706482,-2.3961952,0.08831465244293213
0.10039466,0.5496036,1.772149682044983,2.0774946,0.30534493923187256
0.96937853,-0.822245,-1.3032171577215195,-1.4706198,0.16740263998508453
-0.16507019,-2.3539767,-6.991301069408655,-6.7971025,0.19419861808419192
-0.8855109,0.7297938,-0.2762595653533936,-0.4418906,0.16563103199005125
-0.08349621,-1.2112237,-3.798597002029419,-3.7042205,0.09437646865844718
0.8314839,-0.28012574,0.7454265236854554,0.46836925,0.27705727815628056
0.78618515,-0.8581507,-1.6080246806144713,-1.9445326,0.33650795221328744
0.39064372,1.009812,4.198205738514662,4.252301,0.05409547761082667
2.3975585,2.4144385,18.041194725036622,15.881024,2.1601703643798835
-2.4855928,1.0356103,-4.415542873740196,-3.890975,0.524567875266075
0.017909626,-0.04512133,-0.11568625122308732,0.002798289,0.11848454028367997
0.42774498,-2.4927385,-7.509422886371612,-7.0913577,0.41806517839431745
0.6345023,1.3579926,6.105482065677643,6.3350887,0.22960666418075526
-1.2977662,0.90751886,-1.053456768579781,-1.130507,0.07705022376030679
1.4852213,1.746194,10.774289476871491,10.537597,0.2366927742958076
-1.6883823,-0.5190253,-3.9633231818675996,-3.7854314,0.17789179682731637
-1.3940891,-0.8202684,-4.097463496774435,-3.9219356,0.17552793845534342
-0.2637351,0.2813453,0.2424290779454168,0.36886707,0.12643799153738655
-0.6206478,-3.3668115,-9.240082024037838,-9.55674,0.3166577830910686
0.6826291,0.79846394,4.168068444728851,4.48464,0.31657167673111
1.5079123,-1.6162286,-4.360824334621429,-3.8390799,0.5217444777488707
0.43332464,-0.44310516,-0.5700748503208161,-0.79296064,0.22288579344749448
-0.51725394,0.57069474,0.430131259560585,0.28042397,0.14970729053020476
0.09188321,-0.2268427,-0.3661974906921387,-0.56177986,0.19558236598968504
0.015328465,1.3321657,4.074555811285973,3.9871569,0.08739894330501574
1.0599742,1.6837325,8.981244868040084,8.966906,0.014339274168014171
-1.2830136,0.5171591,-1.5664629459381103,-1.772594,0.20613102912902836
0.43939227,-0.5808397,-1.0729909092187881,-1.389579,0.3165881484746933
1.3717409,-0.79913694,-0.6690234482288361,-0.75546074,0.0864372909069061
1.2912692,0.3135592,3.993181812763214,3.900481,0.09270082712173444
-1.8728473,-0.8169923,-4.706245142221451,-4.5584216,0.14782353043556196
0.45519924,-1.2020643,-3.137558472156525,-3.4764698,0.33891128301620466
0.28236517,0.704798,2.9532773971557615,2.9808226,0.027545166015625178
-0.101474255,2.4618592,7.022165375947952,7.013214,0.008951264619827093
0.7326636,0.6394017,3.91662740111351,4.0422587,0.1256313383579255
1.288742,0.37493008,4.189363323152065,4.190008,0.0006448403000831604
-0.91790307,1.5855956,1.5233907282352448,1.2577939,0.2655968248844147
-1.4875829,0.5643213,-2.0138638734817507,-2.1968038,0.1829399347305296
0.3813216,-0.98162895,-2.5109200447797777,-2.847895,0.33697486221790296
0.4478237,0.7002391,3.1635626673698427,3.4279969,0.2644342064857481
0.46805024,0.20491394,1.492121195793152,1.9165825,0.424461269378662
0.91972804,1.0271515,5.7271289229393005,6.0800586,0.35292965173721313
-0.24166472,0.42843074,0.8320836663246155,0.78965116,0.04243251085281374
-1.4879924,-0.20254414,-3.3138034135103225,-3.134468,0.17933533489704123
0.34881014,0.9166113,3.816815921664238,3.7875714,0.02924449145793906
-0.15099171,0.47617513,1.3231818199157714,1.179564,0.14361782073974605
0.48114914,-0.9696219,-2.499831795692444,-2.7519712,0.25213944911956787
-0.4857017,-0.7305979,-2.9223368167877197,-2.7508094,0.17152738571166992
0.049927965,-0.23367949,-0.6759938776493073,-0.63457704,0.04141684174537663
-0.50776815,0.29056367,-0.4191758394241333,-0.3391124,0.08006343841552732
1.3827871,0.42424965,4.511155450344086,4.6556826,0.14452711343765223
-0.3245027,-0.6170505,-2.2980198534205556,-2.323728,0.025708231143653393
-0.08454585,1.8611712,5.018779945373535,5.2072296,0.18844966888427717
-1.1158972,0.80035573,-0.7818269729614258,-0.86901784,0.08719086647033691
1.6996835,2.873645,16.851915764808655,15.313916,1.5379995584487922
-2.449665,-1.0707152,-5.543784755468368,-5.8103027,0.26651797890663165
-0.015525005,-0.21754405,-0.7785560846328735,-0.6899943,0.08856180906295774
1.2452765,-0.44576868,0.5490404903888703,0.45490628,0.09413420557975771
-2.5152082,-0.18204214,-5.084951019287109,-4.996313,0.08863792419433558
-9.364422e-5,-1.0716088,-3.227975922822952,-3.283439,0.05546299815177935
1.3836938,0.24458389,3.845382547006011,3.7923357,0.05304679833352566
-0.44910696,0.6699604,0.7015113234519958,0.7330786,0.031567275524139404
1.0992489,0.006607186,2.2735736310482024,2.1496155,0.1239581048488616
-0.28313836,-0.7614388,-2.5273874044418334,-2.6543698,0.12698242664337167
0.8200308,1.131166,6.189269232749939,6.1614084,0.02786080837249738
1.455259,-1.4631757,-3.6173235230147838,-3.2992938,0.3180297665297984
-0.84210306,-0.5117575,-2.990182876586914,-2.6047678,0.38541507720947266
0.06475616,2.3916166,7.199817728996277,7.511761,0.31194345951080305
-0.5868494,0.09452142,-0.9910928666591644,-1.003189,0.012096101045608543
-0.326994,-0.16324845,-1.0877666864544153,-1.1028017,0.01503499411046505
1.5931214,-0.7125904,-0.1661296844482422,-0.061223,0.10490668416023255
1.6457957,-0.86754173,-0.6341454982757568,-0.60153353,0.032611966133117676
-0.09379062,-0.9319087,-2.9439935386180878,-2.949471,0.005477458238601685
-0.69445264,-0.63880855,-2.8350157558918,-2.686384,0.14863179326057452
1.0134852,-1.2449676,-2.971806610189378,-3.1949446,0.2231380099430682
0.92796946,-0.62800515,-0.6507049649953842,-0.76244485,0.11173988878726959
0.70629174,0.10696595,1.87046577334404,1.9108552,0.04038940072059627
1.6772239,-1.6101599,-4.189670079946518,-3.5089397,0.6807303369045261
-0.4969929,0.308844,-0.11755864322185516,-0.2654971,0.14793844521045685
-0.7440441,1.0119138,0.8683821201324463,0.5508413,0.3175408482551575
1.1822287,1.2358729,7.498380410671234,7.679308,0.18092752695083636
0.27162045,-1.6710374,-4.8032727360725405,-4.8486204,0.04534767866134626
-1.9324067,0.6734323,-3.075883483886719,-3.1094775,0.03359403610229483
1.7385414,-0.18714581,2.5816903240978717,2.4618232,0.11986709907650939
-0.6484181,0.32159546,-0.32360368967056274,-0.6145917,0.290988028049469
0.20665614,1.0276532,3.761773443222046,3.6643114,0.09746203422546396
0.26147377,1.1801683,4.342961791157722,4.3805256,0.03756379783153552
-0.9166186,0.11865978,-1.464210844039917,-1.6723982,0.2081873655319213
0.24799442,-1.555044,-4.514661288261413,-4.5388856,0.02422430515289342
-1.5319434,2.1044297,-0.03025255203247071,0.37532577,0.4055783212184906
0.30305833,0.5843173,2.5396933518350124,2.7223191,0.18262577429413795
1.2409168,-0.52872646,0.34963356256484984,0.117791444,0.2318421185016632
-0.16800612,0.7176228,1.6559341073036193,1.7166853,0.06075118780136113
-0.19298701,-0.69321984,-2.1302250623703003,-2.3732877,0.24306261539459229
1.2974824,-0.29836407,1.433651864528656,1.1547405,0.27891141176223755
-0.6786196,-0.93360144,-3.5366181053221224,-3.3700998,0.1665183223783968
-2.1322887,-0.24783675,-4.259770059585572,-4.335986,0.07621607780456507
-0.1629391,2.5324533,6.873528707027435,6.9760923,0.1025636315345766
-1.3293872,-2.266168,-6.413315212726593,-6.916666,0.5033508181571964
-0.59917605,-1.730234,-5.159340143203735,-5.257035,0.09769463539123535
-0.53815246,1.0143548,1.4272258423268795,1.2577301,0.16949571594595914
-0.44303453,1.8593127,3.7992189705371855,3.7428875,0.056331473588943304
1.8495095,-0.46273398,1.3845425367355346,1.427359,0.042816448211669966
-1.8120867,-1.2685256,-5.167445719242096,-5.2800097,0.11256402730941772
-0.10015117,1.015835,2.968918704986572,2.6478996,0.3210190773010253
1.2479573,0.6781925,5.294126784801483,5.5520773,0.2579505085945133
-0.5902497,-0.07156135,-1.3302957892417908,-1.3576444,0.027348649501800493
0.66500324,-1.1788192,-3.006907632946968,-3.2817717,0.27486402690410605
0.89352614,-2.1995463,-6.8211905539035795,-6.2594156,0.5617749273777006
0.7144778,1.3726876,6.326701617240905,6.671622,0.34492018222808873
-1.3819834,1.2079207,-0.7855210781097413,-0.87987673,0.09435565471649165
0.2919343,-1.518688,-4.4568418025970455,-4.4404764,0.016365385055541637
1.2399265,1.6191301,9.302904790639877,9.29861,0.004295057058333995
0.26430362,0.299028,1.616860044002533,1.8566725,0.23981248140335087
-0.29471686,-0.088148445,-0.8565754204988479,-0.830647,0.02592842876911161
-0.091748685,-3.4439487,-10.24809264242649,-9.673687,0.5744056612253186
0.38837874,0.8720253,3.6738525927066803,3.7678573,0.09400472044944763
-1.0964639,1.0260144,-0.20179148018360138,-0.49029583,0.28850434720516205
0.27909714,-0.28243822,-0.35051568746566775,-0.39716202,0.04664633274078367
2.2508912,0.045042295,4.792548489570618,4.829861,0.037312674522399725
0.65914726,-0.14533074,0.8540202081203461,0.7288289,0.12519130110740662
-0.25571546,0.8372891,1.8132279962301254,1.7422028,0.07102523744106293
-0.92990166,0.63294834,-0.6153931617736816,-0.68956137,0.07416820526123047
-0.88068473,1.1226058,0.6764585137367248,0.3498294,0.3266291081905365
-0.4950648,0.31003878,-0.19676632285118104,-0.257712,0.060945683717727656
-1.2134283,0.7611503,-1.1368358790874482,-1.1684488,0.03161292672157279
1.0435722,-1.8393056,-5.420901566743851,-5.066367,0.35453441739082336
0.1316367,0.33501798,1.4229479432106018,1.6265559,0.203607976436615
